name,Latitude,Longitude
Shin-Matsudo Post Office,35.82738,139.91564
緑郵便局,35.55898,140.17581
Imai Post Office,35.58269,140.12628
中央豊海郵便局,35.65405,139.77033
,35.55255,140.18602
,35.55363,140.19049
市津郵便局,35.51521,140.17641
柴崎駅前郵便局,35.65368,139.56665
,35.63205,139.34678
越谷せんげん台郵便局,35.93494,139.76916
調布郵便局,35.65304,139.55831
狛江郵便局,35.64178,139.57497
杉並西永福郵便局,35.68000,139.63554
北加瀬郵便局,35.55472,139.66134
二子玉川郵便局 (Futakotamagawa Post Office),35.61593,139.62539
松戸栄郵便局,35.80753,139.90642
東京芝浦郵便局,35.64345,139.74688
調布駅前郵便局,35.65438,139.54338
小石川郵便局,35.71355,139.74210
厚木旭郵便局,35.43914,139.36699
杉並和泉二郵便局,35.67457,139.65148
早稲田大学前,35.70822,139.72193
調布仙川郵便局,35.66159,139.58622
成城郵便局,35.64815,139.59332
横浜山下町郵便局,35.44261,139.64777
厚木郵便局,35.43882,139.35775
川崎生田郵便局,35.61510,139.52749
千歳船橋駅前郵便局,35.64864,139.62410
世田谷八幡山郵便局,35.66101,139.62036
町田西郵便局,35.59995,139.36066
海老名中新田郵便局,35.43833,139.38428
杉並永福郵便局,35.67467,139.64301
世田谷北烏山郵便局,35.67688,139.59899
杉並浜田山郵便局,35.68472,139.62660
世田谷北烏山八郵便局,35.67629,139.59190
杉並西荻窪北郵便局,35.70810,139.59316
吉祥寺南町郵便局,35.70295,139.58858
常盤平駅前郵便局,35.80454,139.95080
三鷹郵便局 (Mitaka Post Office),35.68346,139.56049
成城学園前郵便局,35.64090,139.59970
川崎三田郵便局,35.61120,139.54389
登戸駅前郵便局,35.62003,139.56857
三鷹台郵便局,35.69044,139.58713
松戸東口郵便局,35.78566,139.90255
中野南台郵便局,35.68267,139.66459
座間郵便局,35.50986,139.41670
柿生郵便局,35.58943,139.49805
世田谷上祖師谷二郵便局,35.65762,139.59942
世田谷北沢郵便局,35.66426,139.66548
狛江岩戸南郵便局,35.62902,139.58497
祖師ヶ谷大蔵駅前郵便局,35.64319,139.60695
世田谷桜丘二郵便局,35.64410,139.62605
渋谷神南郵便局,35.66199,139.70057
座間駅前郵便局,35.47865,139.40252
川崎栗平郵便局,35.60719,139.48083
渋谷上原郵便局,35.66969,139.68239
松戸北郵便局,35.81861,139.94430
百合ヶ丘駅前郵便局,35.60752,139.51528
恵比寿郵便局,35.64568,139.71670
目黒駒場郵便局,35.65776,139.68647
千代田岩本町郵便局,35.69386,139.77719
三鷹中原四郵便局,35.66504,139.56872
調布仙川二郵便局,35.66428,139.58318
白子南郵便局,35.77343,139.62211
世田谷梅丘郵便局,35.65151,139.65770
三鷹深大寺郵便局,35.69022,139.53817
調布染地郵便局,35.64048,139.55989
中野中央一郵便局,35.70127,139.68322
豊島郵便局,35.72934,139.72147
北柏駅前郵便局,35.87514,139.98770
小平天神郵便局,35.72786,139.49242
小平花小金井第五郵便局,35.73584,139.50633
品川二葉郵便局,35.60497,139.72563
品川区役所前郵便局,35.60789,139.72957
飯田橋郵便局,35.69913,139.74368
葛飾郵便局,35.73595,139.83972
川越郵便局,35.92174,139.48589
葛飾四つ木局,35.73634,139.83305
渋谷三郵便局,35.65604,139.70458
上小田中郵便局 (Kami-kodanaka Post Office),35.58020,139.64256
調布西つつじヶ丘局,35.65890,139.57009
恵比寿駅前郵便局,35.64640,139.70810
相模原磯部郵便局,35.50595,139.38441
世田谷桜丘五郵便局,35.64328,139.61943
厚木東町郵便局,35.44339,139.36979
宮内郵便局,35.58981,139.63959
井田郵便局 (Ida Post Office),35.56517,139.64426
経堂駅前郵便局,35.65215,139.63756
杉並和泉郵便局,35.67561,139.65810
松戸根本郵便局,35.78976,139.90190
松戸駅西口郵便局,35.78321,139.89930
市川国府台郵便局,35.75052,139.90276
原町田六郵便局,35.54487,139.44719
調布金子郵便局,35.65258,139.57670
府中栄町郵便局,35.68702,139.47955
三郷さつき郵便局,35.85280,139.86605
尻手駅前郵便局,35.53072,139.68209
横浜美しが丘郵便局,35.58103,139.55834
川崎港郵便局,35.51201,139.72050
阿佐谷南三郵便局,35.70342,139.62759
横浜太尾郵便局,35.52630,139.62068
横浜元宮郵便局,35.52231,139.68275
立川錦郵便局,35.69615,139.42062
仲町台駅前局,35.53692,139.58992
町田高ヶ坂郵便局,35.54405,139.45858
川崎白山郵便局,35.59137,139.51092
松戸日暮郵便局,35.79044,139.94113
国分寺西町,35.70883,139.43443
川崎宿河原郵便局,35.61504,139.57899
国分寺泉郵便局,35.69541,139.46469
麻生郵便局 (Asao Post Office),35.60550,139.50134
世田谷桜上水一郵便局,35.65610,139.62937
目黒鷹番郵便局,35.62646,139.68645
世田谷四郵便局,35.64516,139.65110
吉祥寺東町郵便局,35.70698,139.58770
吉祥寺本町郵便局,35.70846,139.57625
保谷駅前郵便局,35.74953,139.56673
昭島駅前郵便局,35.71448,139.36148
中神駅前郵便局,35.70866,139.37563
昭島玉川郵便局,35.70393,139.38146
昭島郵便局,35.71375,139.35545
昭島中神郵便局,35.71041,139.37947
世田谷北沢三郵便局,35.66700,139.67284
新大久保駅前郵便局,35.70087,139.69998
新宿大久保郵便局,35.70198,139.70624
高田馬場第二郵便局,35.71305,139.70734
川崎菅生郵便局,35.59567,139.55542
高田馬場郵便局,35.71300,139.70125
,35.67336,139.76753
,35.64766,139.74939
練馬南大泉五郵便局,35.75038,139.57347
中目黒駅前郵便局,35.64221,139.69743
相模原大野台七郵便局,35.55062,139.41397
相模原郵便局 (Sagamihara Post Office),35.57133,139.37478
稲城長沼郵便局,35.64584,139.50193
世界貿易センター内郵便局,35.65615,139.75671
,35.53007,140.26932
川崎鷺沼郵便局,35.58049,139.57239
大和下鶴間郵便局,35.49407,139.46011
向島郵便局,35.71962,139.81722
,35.72709,139.71325
,35.73160,139.71804
中十条郵便局,35.76209,139.72606
府中浅間郵便局,35.68423,139.49922
日本郵便　東京多摩支店,35.65528,139.46236
馬橋郵便局,35.81193,139.91945
稲城若葉台郵便局,35.61989,139.47209
横浜妙蓮寺郵便局,35.50055,139.63323
松戸八が崎郵便局,35.81214,139.92940
玉川学園前郵便局,35.56269,139.46000
桶川西一郵便局,36.00492,139.56084
渋谷東二郵便局,35.65395,139.70829
南麻布二郵便局,35.64903,139.73731
横浜篠原台郵便局,35.49108,139.62828
瀬谷郵便局,35.46607,139.48430
松戸二十世紀が丘郵便局,35.76864,139.90699
港北郵便局 (Kouhoku Post Office ),35.51483,139.63256
芝公園郵便局,35.65731,139.75178
さいたま中央郵便局,35.84649,139.64977
さいたま新都心合同庁舎内郵便局,35.89217,139.63330
ふじみ野駅西口郵便局,35.85784,139.51967
みさと団地内郵便局,35.85658,139.86109
アーバンみらい東大宮内郵便局,35.95449,139.66909
七里郵便局,35.93282,139.67151
三芳みよし台郵便局,35.83316,139.54514
三芳北永井郵便局,35.82985,139.51962
三郷天王橋通郵便局,35.80589,139.86963
三郷彦成郵便局,35.83555,139.84623
三郷高州郵便局,35.79220,139.88431
上尾上町郵便局,35.98147,139.58799
上尾二ツ宮郵便局,35.98147,139.60199
上尾井戸木郵便局,35.98975,139.56011
上尾原市団地内郵便局,35.96617,139.62832
上尾宮本町郵便局,35.97558,139.59199
上尾小敷谷南郵便局,35.95573,139.56099
上尾尾山台郵便局,35.95887,139.64012
上尾平方郵便局,35.94452,139.54960
上尾愛宕郵便局,35.96681,139.59819
上尾柏座郵便局,35.96917,139.58102
上尾浅間台郵便局,35.98075,139.56714
上尾白小鳩郵便局,35.99798,139.57569
上尾郵便局,35.97083,139.58994
上戸田郵便局,35.81600,139.67521
上福岡北口郵便局,35.87529,139.51456
上福岡松山郵便局,35.87340,139.52684
上福岡武蔵野郵便局,35.86540,139.51053
上福岡郵便局,35.87999,139.52145
上福岡駅前郵便局,35.87267,139.51048
上福岡駒林郵便局,35.86719,139.51967
与野ハウス内郵便局,35.88952,139.62971
与野上落合郵便局,35.89910,139.62506
与野円阿弥郵便局,35.88749,139.61027
与野大戸郵便局,35.86635,139.63755
与野本町郵便局,35.88260,139.62261
与野郵便局,35.88376,139.62722
与野鈴谷郵便局,35.87013,139.62941
久喜東町郵便局,36.05930,139.68201
伊奈小室郵便局,35.99067,139.63563
入間上藤沢郵便局,35.82304,139.39925
入間扇町屋郵便局,35.82769,139.38230
入間新久郵便局,35.82373,139.36392
入間郵便局,35.83157,139.38915
入間黒須郵便局,35.84604,139.38382
八潮中央二郵便局,35.82022,139.83906
八潮中馬場郵便局,35.81711,139.82773
八潮八條郵便局,35.83654,139.83623
八潮古新田郵便局,35.79880,139.85387
八潮木曽根郵便局,35.82186,139.85125
八潮柳之宮郵便局,35.82715,139.82349
北本栄郵便局,36.01578,139.53222
北本西高尾郵便局,36.03063,139.52080
北本駅西口郵便局,36.03224,139.53166
北浦和二郵便局,35.87823,139.64450
北越谷駅前郵便局,35.90054,139.77781
北越谷駅東口郵便局,35.90232,139.78168
南浦和団地内郵便局,35.84573,139.67536
南越谷郵便局,35.87735,139.79431
原市郵便局,35.96897,139.62130
吉川団地前郵便局,35.89027,139.84506
吉川郵便局,35.88188,139.84572
吉川駅前郵便局,35.87302,139.84400
吉見郵便局,36.03571,139.45270
名細郵便局,35.92828,139.44390
和光白子南郵便局,35.77333,139.62211
和光白子郵便局,35.78078,139.62297
土呂西口郵便局,35.93157,139.62894
坂戸仲町郵便局,35.96250,139.39665
坂戸石井郵便局,35.97236,139.41590
坂戸若葉駅前郵便局,35.95011,139.40992
埼玉医科大学内簡易郵便局,35.93933,139.30603
大井亀久保郵便局,35.85802,139.50857
大井東台郵便局,35.85093,139.52673
大井緑ヶ丘郵便局,35.85782,139.49762
大和田駅前郵便局,35.92954,139.64957
大宮プラザ郵便局,35.90684,139.57851
大宮三橋四郵便局,35.89638,139.60304
大宮上小町郵便局,35.90249,139.61364
大宮加茂宮郵便局,35.93661,139.61951
大宮南中野郵便局,35.90930,139.65540
大宮卸町簡易郵便局,35.94727,139.67400
大宮吉野町郵便局,35.95304,139.60745
大宮堀崎郵便局,35.93841,139.65591
大宮大成郵便局,35.91235,139.61549
大宮天沼郵便局,35.90554,139.63841
大宮奈良郵便局,35.95353,139.59703
大宮宮原郵便局,35.94288,139.61043
大宮日進三郵便局,35.93730,139.60255
大宮本郷郵便局,35.94405,139.62722
大宮桜木町郵便局,35.90791,139.61903
大宮植竹郵便局,35.92720,139.62177
大宮清河寺郵便局,35.93370,139.58401
大宮西郵便局,35.92179,139.60874
大宮郵便局,35.92009,139.62356
大宮風渡野郵便局,35.93847,139.66685
大宮高島屋郵便局,35.90627,139.62592
大山郵便局,36.03770,139.60689
大東文化大内簡易郵便局,36.00133,139.36676
安行郵便局,35.85480,139.75507
宝珠花郵便局,36.02900,139.81281
宮代姫宮郵便局,36.00461,139.74112
富士見勝瀬郵便局,35.86461,139.53521
富士見南畑郵便局,35.85979,139.56003
富士見水子郵便局,35.84044,139.55767
富士見羽沢郵便局,35.85699,139.53922
富士見鶴瀬東郵便局,35.84843,139.54075
岩槻上野郵便局,35.96748,139.70362
岩槻仲町郵便局,35.94556,139.70440
岩槻和土郵便局,35.91414,139.72255
岩槻本丸郵便局,35.95570,139.70410
嵐山郵便局,36.04371,139.32319
川口並木郵便局,35.81775,139.70452
川口仁志郵便局,35.81293,139.70235
川口仲町郵便局,35.80783,139.70943
川口元郷一郵便局,35.80104,139.73103
川口元郷六郵便局,35.80256,139.74382
川口元郷郵便局,35.79486,139.72988
川口前川一郵便局,35.83215,139.70836
川口前川郵便局,35.84035,139.71077
川口北郵便局,35.84794,139.69718
川口寿町郵便局,35.79778,139.71916
川口峯郵便局,35.83105,139.77271
川口市役所前郵便局,35.80700,139.72460
川口幸町郵便局,35.80849,139.71955
川口戸塚五郵便局,35.86627,139.74979
川口新郷郵便局,35.82453,139.76079
川口朝日二郵便局,35.81336,139.73518
川口朝日郵便局,35.80705,139.73854
川口木曽呂郵便局,35.86048,139.72610
川口柳崎郵便局,35.85480,139.70288
川口根岸郵便局,35.84064,139.71668
川口榛松郵便局,35.82053,139.76862
川口石神郵便局,35.86135,139.73665
川口芝下郵便局,35.83901,139.70120
川口芝中田郵便局,35.83042,139.69644
川口芝園郵便局,35.83133,139.68346
川口青木五郵便局,35.81811,139.71638
川口青木郵便局,35.81347,139.71202
川口飯塚郵便局,35.80114,139.71105
川口駅西口郵便局,35.80228,139.71482
川島三保谷郵便局,35.97797,139.49081
川田谷郵便局,35.99152,139.53200
川越グリーンパーク郵便局,35.91651,139.53466
川越今泉郵便局,35.89518,139.52434
川越伊勢原郵便局,35.92145,139.42758
川越六軒町郵便局,35.91549,139.47713
川越大東郵便局,35.88598,139.44009
川越宮元郵便局,35.93321,139.48453
川越寿町郵便局,35.90384,139.46574
川越川鶴郵便局,35.92343,139.41133
川越新宿郵便局,35.89943,139.48176
川越新富町郵便局,35.91539,139.48419
川越月吉郵便局,35.92129,139.47192
川越松江町郵便局,35.91840,139.48552
川越清水郵便局,35.87740,139.50578
川越霞ヶ関北郵便局,35.92587,139.43576
川通郵便局,35.93237,139.73690
幸手団地内郵便局,36.05683,139.72001
庄和米島郵便局,35.97862,139.81025
庄和西金野井郵便局,35.98545,139.80672
庄和郵便局,35.99253,139.79950
志木宗岡郵便局,35.83858,139.58742
志木郵便局,35.82607,139.57568
志木駅前郵便局,35.82091,139.57642
慈恩寺郵便局,35.98125,139.70895
戸田公園駅前郵便局,35.80686,139.67838
戸田喜沢郵便局,35.80761,139.69643
戸田新曽南郵便局,35.81066,139.66738
戸田新曽郵便局,35.81661,139.66069
戸田笹目郵便局,35.81391,139.65351
戸田美女木郵便局,35.82813,139.64027
所沢けやき台郵便局,35.79888,139.45529
所沢三ヶ島郵便局,35.79291,139.40041
所沢上安松郵便局,35.78925,139.48679
所沢下富郵便局,35.82899,139.46595
所沢中富郵便局,35.81147,139.49620
所沢中新井郵便局,35.81479,139.47576
所沢久米郵便局,35.78255,139.45998
所沢北野郵便局,35.79065,139.43269
所沢山口郵便局,35.77797,139.43257
所沢東住吉郵便局,35.78447,139.47215
所沢椿峰郵便局,35.78609,139.43897
所沢緑町郵便局,35.80549,139.44640
所沢美原郵便局,35.81241,139.45734
所沢若狭郵便局,35.80649,139.41493
所沢西郵便局,35.80169,139.42096
所沢駅東口郵便局,35.78697,139.47723
指扇駅前郵便局,35.91604,139.56467
新座団地内郵便局,35.81680,139.55653
新座栗原郵便局,35.75770,139.54953
新座片山郵便局,35.77105,139.56511
新座石神郵便局,35.76769,139.55256
新座郵便局,35.79863,139.56811
新座馬場郵便局,35.78283,139.57367
新狭山二郵便局,35.87665,139.43212
日高郵便局,35.89800,139.34427
春日部一ノ割郵便局,35.96364,139.76581
春日部仲町郵便局,35.98228,139.75465
春日部大沼郵便局,35.96928,139.75281
春日部小渕郵便局,35.99731,139.75402
春日部武里団地内郵便局,35.94359,139.76903
春日部牛島郵便局,35.98067,139.77681
春日部緑町郵便局,35.97253,139.76817
春日部藤塚郵便局,35.96723,139.77989
春日部豊春郵便局,35.96728,139.72898
春日部豊町郵便局,35.97114,139.74276
春日部豊野簡易郵便局,35.95609,139.79212
朝霞三原郵便局,35.81633,139.58114
朝霞宮戸郵便局,35.82363,139.58703
朝霞本町郵便局,35.80040,139.59817
朝霞根岸郵便局,35.80839,139.60733
朝霞溝沼郵便局,35.80875,139.58719
朝霞郵便局,35.79607,139.59507
杉戸高野台郵便局,36.05099,139.71387
東京電機大学内簡易郵便局,35.98658,139.37160
東吉見郵便局,36.02210,139.47206
東大宮西口郵便局,35.94905,139.63645
東岩槻郵便局,35.96231,139.71334
東所沢郵便局,35.79400,139.51598
東越谷郵便局,35.89610,139.80223
柳瀬川駅前郵便局,35.83011,139.56172
桶川坂田郵便局,36.01744,139.57697
桶川日出谷郵便局,35.99961,139.55344
桶川神明郵便局,35.99461,139.56994
桶川西一郵便局,36.00489,139.56087
植水郵便局,35.89797,139.59122
毛呂山長瀬郵便局,35.94277,139.32598
水富郵便局,35.85737,139.38373
江面郵便局,36.04711,139.63671
浦和三室郵便局,35.88245,139.67789
浦和上木崎郵便局,35.88626,139.64554
浦和中尾郵便局,35.87342,139.68508
浦和仲町郵便局,35.85980,139.64060
浦和別所郵便局,35.85037,139.64566
浦和原山郵便局,35.86855,139.66822
浦和大谷口郵便局,35.86048,139.68744
浦和大間木郵便局,35.87352,139.69813
浦和太田窪郵便局,35.85488,139.67965
浦和宮前郵便局,35.86487,139.70210
浦和岸町郵便局,35.85222,139.65583
浦和常盤十郵便局,35.87141,139.63952
浦和常盤郵便局,35.86517,139.64872
浦和曲本郵便局,35.83770,139.63929
浦和本太郵便局,35.86309,139.65834
浦和東高砂郵便局,35.85761,139.66085
浦和栄和郵便局,35.86271,139.61794
浦和田島郵便局,35.84173,139.63012
浦和白鍬郵便局,35.88197,139.60393
浦和神明郵便局,35.84871,139.66122
浦和神田郵便局,35.87458,139.61082
浦和西堀郵便局,35.85352,139.62824
浦和領家郵便局,35.87993,139.65408
浦和鹿手袋郵便局,35.85477,139.63897
狭山入曾郵便局,35.83068,139.43104
狭山入間川三郵便局,35.85818,139.40786
狭山北入曽郵便局,35.84015,139.42971
狭山旭郵便局,35.86285,139.41548
狭山柏原郵便局,35.87598,139.40804
狭山水野郵便局,35.82199,139.41926
石戸郵便局,36.01841,139.51633
笠原郵便局,36.06348,139.54729
美園郵便局,35.88400,139.73073
草加八幡郵便局,35.84923,139.81064
草加新栄郵便局,35.86306,139.76765
草加松原西郵便局,35.84297,139.78986
草加柳島郵便局,35.81692,139.78654
草加谷塚西郵便局,35.81603,139.79709
草加青柳郵便局,35.85624,139.81695
蓮田椿山郵便局,35.99320,139.65896
蓮田郵便局,35.98592,139.64985
蓮田閏戸郵便局,36.01441,139.63677
蕨錦町郵便局,35.83047,139.66955
蕨駅前郵便局,35.82813,139.68710
西上尾郵便局,35.96459,139.56304
西吉見郵便局,36.05145,139.43446
西大和郵便局,35.77900,139.60809
西武入間ぺぺ内郵便局,35.84113,139.38896
西武郵便局,35.84399,139.35374
谷塚郵便局,35.81486,139.80337
越谷千間台東郵便局,35.93470,139.78053
越谷千間台西郵便局,35.93501,139.76926
越谷大里郵便局,35.92203,139.78410
越谷大間野郵便局,35.86485,139.78690
越谷宮前郵便局,35.90188,139.79692
越谷平方郵便局,35.94392,139.78034
越谷弥栄郵便局,35.91951,139.79731
越谷瓦曽根郵便局,35.88835,139.79117
越谷登戸郵便局,35.87044,139.79598
越谷蒲生三郵便局,35.86605,139.80251
越谷西方郵便局,35.88850,139.80540
越谷赤山郵便局,35.88785,139.78179
都幾川桃木簡易郵便局,36.00171,139.27311
金子郵便局,35.81617,139.33328
飯能下畑郵便局,35.83579,139.29652
飯能八幡郵便局,35.85484,139.31741
高麗川郵便局,35.89506,139.33674
高麗武蔵台郵便局,35.88002,139.30286
高麗郵便局,35.88609,139.31674
鳩ヶ谷三ツ和郵便局,35.82654,139.73968
鳩ヶ谷南二郵便局,35.81755,139.74421
鳩ヶ谷本町郵便局,35.83402,139.74146
鳩ヶ谷桜町郵便局,35.83947,139.73924
鳩ヶ谷辻郵便局,35.82363,139.72885
鳩ヶ谷郵便局,35.83369,139.73507
鳩ヶ谷里郵便局,35.83435,139.72902
鳩山郵便局,35.97024,139.34163
鴻巣人形町郵便局,36.04891,139.52169
鴻巣大間郵便局,36.06293,139.50494
鴻巣本町郵便局,36.05960,139.51175
鴻巣郵便局,36.06416,139.51636
鶴ヶ島郵便局,35.93781,139.38784
鶴ヶ島鶴ヶ丘郵便局,35.93344,139.41677
さいたま中央郵便局,35.84649,139.64977
さいたま新都心合同庁舎内郵便局,35.89217,139.63330
さいたま新都心郵便局,35.88888,139.63571
ふじみ野駅西口郵便局,35.85784,139.51967
アーバンみらい東大宮内郵便局,35.95449,139.66909
七里郵便局,35.93282,139.67151
三芳みよし台郵便局,35.83316,139.54514
三芳北永井郵便局,35.82985,139.51962
三郷一郵便局,35.84176,139.88543
三郷丹後郵便局,35.85604,139.88666
三郷彦成郵便局,35.83555,139.84623
三郷戸ヶ崎郵便局,35.80230,139.86021
上尾上町郵便局,35.98147,139.58799
上尾原市団地内郵便局,35.96617,139.62832
上尾尾山台郵便局,35.95887,139.64012
上尾愛宕郵便局,35.96681,139.59819
上尾柏座郵便局,35.96917,139.58102
上尾白小鳩郵便局,35.99798,139.57569
上尾郵便局,35.97083,139.58994
上福岡北口郵便局,35.87529,139.51456
上福岡松山郵便局,35.87340,139.52684
上福岡武蔵野郵便局,35.86540,139.51053
上福岡駅前郵便局,35.87267,139.51048
上福岡駒林郵便局,35.86719,139.51967
与野大戸郵便局,35.86635,139.63755
与野郵便局,35.88376,139.62722
与野鈴谷郵便局,35.87013,139.62941
与野駅前郵便局,35.88433,139.63696
中草加郵便局,35.82500,139.80705
久喜東町郵便局,36.05930,139.68201
伊奈寿郵便局,36.00472,139.60346
入間下藤沢郵便局,35.82205,139.40946
入間仏子郵便局,35.83960,139.35821
八潮古新田郵便局,35.79880,139.85387
北吉見郵便局,36.06129,139.45914
北本東間郵便局,36.03383,139.53380
北本栄郵便局,36.01578,139.53222
北本西高尾郵便局,36.03063,139.52080
北本郵便局,36.02388,139.53569
北本駅西口郵便局,36.03224,139.53166
北浦和二郵便局,35.87823,139.64450
北浦和駅前郵便局,35.87079,139.64812
南浦和団地内郵便局,35.84573,139.67536
南越谷郵便局,35.87735,139.79431
原市郵便局,35.96897,139.62130
司法研修所内郵便局,35.77333,139.60058
吉川平沼郵便局,35.88720,139.85704
吉見郵便局,36.03571,139.45270
名細郵便局,35.92828,139.44390
和光新倉郵便局,35.79596,139.62450
和光白子南郵便局,35.77333,139.62211
和光白子郵便局,35.78078,139.62297
和光郵便局,35.78633,139.61011
唐子郵便局,36.02779,139.36388
土呂西口郵便局,35.93157,139.62894
坂戸森戸郵便局,35.93608,139.36217
坂戸郵便局,35.95898,139.40528
坂戸駅前郵便局,35.95558,139.39315
埼玉県庁内郵便局,35.85801,139.64819
大井亀久保郵便局,35.85802,139.50857
大井東台郵便局,35.85093,139.52673
大井緑ヶ丘郵便局,35.85782,139.49762
大和田駅前郵便局,35.92954,139.64957
大宮プラザ郵便局,35.90684,139.57851
大宮三橋四郵便局,35.89638,139.60304
大宮上小町郵便局,35.90249,139.61364
大宮区役所内郵便局,35.90624,139.62861
大宮南中野郵便局,35.90930,139.65540
大宮卸町簡易郵便局,35.94727,139.67400
大宮吉野町郵便局,35.95304,139.60745
大宮大成郵便局,35.91235,139.61549
大宮大谷郵便局,35.92502,139.67578
大宮奈良郵便局,35.95353,139.59703
大宮宮原郵便局,35.94288,139.61043
大宮日進三郵便局,35.93730,139.60255
大宮日進郵便局,35.92974,139.60493
大宮本郷郵便局,35.94405,139.62722
大宮桜木町郵便局,35.90791,139.61903
大宮植竹郵便局,35.92720,139.62177
大宮浅間郵便局,35.90201,139.63164
大宮清河寺郵便局,35.93370,139.58401
大宮片柳郵便局,35.90959,139.66728
大宮盆栽町郵便局,35.92507,139.63370
大宮西郵便局,35.92179,139.60874
大宮郵便局,35.92009,139.62356
大宮風渡野郵便局,35.93847,139.66685
大宮高島屋郵便局,35.90627,139.62592
大宮高鼻郵便局,35.91045,139.63022
安行郵便局,35.85480,139.75507
宝珠花郵便局,36.02900,139.81281
宮代姫宮郵便局,36.00461,139.74112
宮寺郵便局,35.79295,139.38198
富士見勝瀬郵便局,35.86461,139.53521
富士見南畑郵便局,35.85979,139.56003
富士見水子郵便局,35.84044,139.55767
富士見水谷東郵便局,35.83884,139.57365
富士見羽沢郵便局,35.85699,139.53922
富士見鶴瀬東郵便局,35.84843,139.54075
富士見鶴瀬西郵便局,35.84313,139.52933
小川郵便局,36.05086,139.25863
小手指駅前郵便局,35.79997,139.43760
岩槻上野郵便局,35.96748,139.70362
岩槻仲町郵便局,35.94556,139.70440
岩槻本丸郵便局,35.95570,139.70410
岩槻西原郵便局,35.96166,139.68715
岩槻西町郵便局,35.95139,139.69137
嵐山志賀郵便局,36.05171,139.32852
川口並木郵便局,35.81775,139.70452
川口仲町郵便局,35.80783,139.70943
川口元郷六郵便局,35.80256,139.74382
川口元郷郵便局,35.79486,139.72988
川口前川郵便局,35.84035,139.71077
川口北原台郵便局,35.86964,139.73011
川口北郵便局,35.84794,139.69718
川口寿町郵便局,35.79778,139.71916
川口峯郵便局,35.83105,139.77271
川口市役所前郵便局,35.80700,139.72460
川口幸町郵便局,35.80849,139.71955
川口戸塚五郵便局,35.86627,139.74979
川口朝日二郵便局,35.81336,139.73518
川口朝日郵便局,35.80705,139.73854
川口木曽呂郵便局,35.86046,139.72611
川口根岸郵便局,35.84064,139.71668
川口榛松郵便局,35.82053,139.76862
川口石神郵便局,35.86135,139.73665
川口芝下郵便局,35.83901,139.70120
川口芝園郵便局,35.83133,139.68346
川口青木五郵便局,35.81811,139.71638
川口青木郵便局,35.81347,139.71202
川口領家郵便局,35.79475,139.74543
川口飯塚郵便局,35.80114,139.71105
川島三保谷郵便局,35.97797,139.49081
川島郵便局,35.98105,139.45712
川田谷郵便局,35.99152,139.53200
川越今福郵便局,35.87076,139.47431
川越伊勢原郵便局,35.92145,139.42758
川越元町郵便局,35.92479,139.48297
川越古谷郵便局,35.91185,139.52410
川越問屋町簡易郵便局,35.92110,139.51229
川越宮元郵便局,35.93321,139.48453
川越寿町郵便局,35.90384,139.46574
川越新富町郵便局,35.91539,139.48419
川越旭町郵便局,35.89601,139.47201
川越月吉郵便局,35.92129,139.47192
川越清水郵便局,35.87740,139.50578
川越砂郵便局,35.89021,139.49998
川越脇田郵便局,35.90908,139.48578
川越西郵便局,35.91446,139.46659
川越霞ヶ関北郵便局,35.92587,139.43576
川通郵便局,35.93237,139.73690
平沢簡易郵便局,35.90714,139.33815
幸手団地内郵便局,36.05683,139.72001
庄和米島郵便局,35.97862,139.81025
庄和西金野井郵便局,35.98545,139.80672
庄和郵便局,35.99253,139.79950
志木上町郵便局,35.83235,139.57969
志木宗岡郵便局,35.83858,139.58742
志木館郵便局,35.82492,139.56075
志木駅前郵便局,35.82091,139.57642
慈恩寺郵便局,35.98125,139.70895
戸田公園駅前郵便局,35.80686,139.67838
戸田喜沢郵便局,35.80761,139.69643
戸田新曽南郵便局,35.81066,139.66738
戸田新曽郵便局,35.81661,139.66069
戸田笹目郵便局,35.81391,139.65351
戸田美女木東郵便局,35.82867,139.65540
所沢けやき台郵便局,35.79888,139.45529
所沢三ヶ島郵便局,35.79291,139.40041
所沢中富郵便局,35.81147,139.49620
所沢中新井郵便局,35.81479,139.47576
所沢久米郵便局,35.78255,139.45998
所沢元町郵便局,35.79209,139.46503
所沢小手指郵便局,35.80355,139.43635
所沢山口郵便局,35.77797,139.43257
所沢東新井郵便局,35.79869,139.48020
所沢椿峰郵便局,35.78609,139.43897
所沢美原郵便局,35.81241,139.45734
所沢若狭郵便局,35.80649,139.41493
所沢西郵便局,35.80169,139.42096
所沢駅東口郵便局,35.78697,139.47723
指扇駅前郵便局,35.91604,139.56467
新座団地内郵便局,35.81680,139.55653
新座大和田郵便局,35.81174,139.55050
新座栗原郵便局,35.75770,139.54953
新座片山郵便局,35.77105,139.56511
新座石神郵便局,35.76769,139.55256
新座郵便局,35.79863,139.56811
新座野火止郵便局,35.80244,139.55539
新座馬場郵便局,35.78283,139.57367
新所沢郵便局,35.80467,139.45216
新狭山駅前郵便局,35.87346,139.43386
日高下高萩郵便局,35.91051,139.38165
日高下鹿山郵便局,35.88822,139.34784
日高高萩郵便局,35.89870,139.37296
春日部一ノ割郵便局,35.96364,139.76581
春日部仲町郵便局,35.98228,139.75465
春日部大沼郵便局,35.96928,139.75281
春日部小渕郵便局,35.99731,139.75402
春日部栄町郵便局,35.98832,139.73460
春日部武里団地内郵便局,35.94359,139.76903
春日部浜川戸郵便局,35.98040,139.74237
春日部牛島郵便局,35.98067,139.77681
春日部緑町郵便局,35.97253,139.76817
春日部藤塚郵便局,35.96723,139.77989
春日部豊春郵便局,35.96728,139.72898
春日部豊町郵便局,35.97114,139.74276
春日部豊野簡易郵便局,35.95609,139.79212
朝霞三原郵便局,35.81633,139.58114
朝霞宮戸郵便局,35.82363,139.58703
朝霞本町郵便局,35.80040,139.59817
朝霞根岸郵便局,35.80833,139.60732
朝霞溝沼郵便局,35.80875,139.58719
朝霞郵便局,35.79607,139.59507
杉戸清地郵便局,36.02632,139.73791
杉戸高野台郵便局,36.05099,139.71387
東吉見郵便局,36.02210,139.47206
東吾野郵便局,35.89520,139.25842
東坂戸団地内郵便局,35.95367,139.44495
東大宮駅前郵便局,35.94838,139.64270
東小川郵便局,36.05632,139.29121
東岩槻郵便局,35.96231,139.71334
東川口一郵便局,35.87952,139.73966
東松山平野郵便局,36.05885,139.41280
東松山松山二郵便局,36.04571,139.38901
東松山柏崎郵便局,36.02463,139.42206
東松山白山台郵便局,35.99518,139.38363
東松山石橋郵便局,36.03668,139.38057
東松山箭弓郵便局,36.03416,139.39962
東松山郵便局,36.03668,139.40529
東越谷郵便局,35.89610,139.80223
松伏郵便局,35.92669,139.82083
松原団地駅前郵便局,35.84252,139.80034
桶川坂田郵便局,36.01744,139.57697
桶川日出谷郵便局,35.99961,139.55344
桶川神明郵便局,35.99461,139.56994
桶川西一郵便局,36.00489,139.56087
桶川郵便局,35.99885,139.55793
植水郵便局,35.89797,139.59122
武里郵便局,35.94756,139.77184
毛呂山郵便局,35.94125,139.30572
水富郵便局,35.85737,139.38373
江面郵便局,36.04711,139.63671
浦和中尾郵便局,35.87342,139.68508
浦和中郵便局,35.85833,139.65514
浦和代山郵便局,35.90319,139.70341
浦和仲町郵便局,35.85980,139.64060
浦和別所郵便局,35.85037,139.64566
浦和南本町郵便局,35.84575,139.67034
浦和原山郵便局,35.86855,139.66822
浦和大東郵便局,35.88246,139.66588
浦和大谷口郵便局,35.86048,139.68744
浦和大間木郵便局,35.87352,139.69813
浦和太田窪郵便局,35.85488,139.67965
浦和宮前郵便局,35.86487,139.70210
浦和岸町郵便局,35.85222,139.65583
浦和常盤郵便局,35.86517,139.64872
浦和曲本郵便局,35.83770,139.63929
浦和本太郵便局,35.86309,139.65834
浦和東高砂郵便局,35.85761,139.66085
浦和白鍬郵便局,35.88197,139.60393
浦和神明郵便局,35.84871,139.66122
浦和神田郵便局,35.87458,139.61082
浦和辻郵便局,35.84012,139.65829
浦和領家郵便局,35.87993,139.65408
浦和鹿手袋郵便局,35.85477,139.63897
滑川月輪簡易郵便局,36.04951,139.35446
狭山上広瀬郵便局,35.86397,139.39900
狭山入曾郵便局,35.83068,139.43104
狭山北入曽郵便局,35.84015,139.42971
狭山台団地内郵便局,35.85585,139.43223
狭山旭郵便局,35.86285,139.41548
狭山柏原郵便局,35.87598,139.40804
狭山水野郵便局,35.82199,139.41926
玉川郵便局,36.00677,139.29741
白岡岡泉郵便局,36.00726,139.69822
石戸郵便局,36.01841,139.51633
美園郵便局,35.88400,139.73073
膝折郵便局,35.79308,139.58228
草加住吉郵便局,35.83091,139.80642
草加工業団地内郵便局,35.84489,139.82967
草加弁天郵便局,35.84380,139.81525
草加新栄郵便局,35.86306,139.76765
草加旭町郵便局,35.84886,139.79573
草加松原西郵便局,35.84296,139.78986
草加柳島郵便局,35.81692,139.78654
草加氷川郵便局,35.82786,139.79615
草加清門郵便局,35.85041,139.78073
草加谷塚西郵便局,35.81603,139.79709
草加郵便局,35.84591,139.80144
草加青柳郵便局,35.85624,139.81695
蒲生郵便局,35.85966,139.79842
蓮田西新宿郵便局,36.00356,139.65382
蓮田駅東口郵便局,35.97892,139.65379
蓮田黒浜郵便局,35.99280,139.67620
蕨中央七郵便局,35.81650,139.68862
蕨南町郵便局,35.81897,139.69721
蕨錦町郵便局,35.83047,139.66955
蕨駅前郵便局,35.82813,139.68710
西坂戸三郵便局,35.93128,139.33085
西所沢一郵便局,35.78858,139.45821
谷塚郵便局,35.81486,139.80337
越生郵便局,35.95595,139.30370
越谷千間台東郵便局,35.93470,139.78053
越谷千間台西郵便局,35.93501,139.76926
越谷大房郵便局,35.91191,139.78218
越谷大間野郵便局,35.86485,139.78690
越谷宮前郵便局,35.90188,139.79692
越谷平方郵便局,35.94392,139.78034
越谷弥栄郵便局,35.91951,139.79731
越谷柳田郵便局,35.88099,139.78526
越谷瓦曽根郵便局,35.88835,139.79117
越谷登戸郵便局,35.87044,139.79598
越谷蒲生三郵便局,35.86605,139.80251
越谷袋山郵便局,35.92462,139.77442
越谷赤山郵便局,35.88785,139.78179
越谷郵便局,35.89802,139.78445
金杉郵便局,35.95178,139.83439
青山簡易郵便局,36.04431,139.26348
飯能駅南口郵便局,35.84940,139.31805
飯能下畑郵便局,35.83579,139.29652
飯能八幡郵便局,35.85484,139.31741
飯能双柳郵便局,35.85541,139.33130
飯能岩沢郵便局,35.83884,139.33663
高坂郵便局,36.00373,139.40109
高階郵便局,35.89196,139.49098
鳩ヶ谷南二郵便局,35.81755,139.74421
鳩ヶ谷本町郵便局,35.83402,139.74146
鳩ヶ谷桜町郵便局,35.83947,139.73924
鳩ヶ谷辻郵便局,35.82363,139.72885
鳩ヶ谷郵便局,35.83369,139.73507
鳩ヶ谷里郵便局,35.83435,139.72902
鳩山鳩ヶ丘郵便局,35.98762,139.35530
鴻巣人形町郵便局,36.04891,139.52169
鴻巣大間郵便局,36.06293,139.50494
鴻巣本町郵便局,36.05960,139.51175
鴻巣郵便局,36.06416,139.51636
鶴ヶ島下新田郵便局,35.94495,139.37217
鶴ヶ島駅前郵便局,35.93796,139.42427
とどろき郵便局,35.63205,140.10765
ぱ・る・るプラザ千葉内郵便局,35.61309,140.11718
ワールドビジネスガーデン内郵便局,35.64813,140.03819
三和郵便局,35.48063,140.12227
中山駅前郵便局,35.71527,139.94489
二宮本郷郵便局,35.44961,140.25734
五香駅前郵便局,35.79945,139.96583
住友ケミカルビル内郵便局,35.65419,140.04249
佐倉ユーカリが丘郵便局,35.72921,140.15468
佐倉中志津郵便局,35.71066,140.15761
佐倉井野郵便局,35.71671,140.12940
佐倉城郵便局,35.69807,140.23197
佐倉大蛇郵便局,35.71810,140.24797
佐倉山王郵便局,35.68525,140.20475
佐倉志津郵便局,35.71855,140.14440
佐倉新町郵便局,35.71960,140.23356
佐倉染井野郵便局,35.71961,140.19087
佐倉江原郵便局,35.73193,140.20478
佐倉王子台郵便局,35.72710,140.18292
佐倉稲荷台郵便局,35.72821,140.17578
佐倉西志津郵便局,35.71416,140.13976
佐倉郵便局,35.72421,140.22717
佐倉駅前郵便局,35.71088,140.22889
佐倉駅南口郵便局,35.70708,140.22125
八千代勝田台南郵便局,35.70632,140.13312
八千代勝田台郵便局,35.71218,140.12698
八千代台ユアエルム郵便局,35.70064,140.09101
八千代台北郵便局,35.70816,140.09807
八千代台東郵便局,35.70338,140.09740
八千代台西郵便局,35.69752,140.08077
八千代台郵便局,35.70141,140.08938
八千代大和田新田郵便局,35.72182,140.10021
八千代大和田郵便局,35.71841,140.10470
八千代村上郵便局,35.72896,140.12139
八千代米本郵便局,35.75521,140.11437
八千代緑が丘駅前郵便局,35.72979,140.07285
八千代郵便局,35.72735,140.10415
八千代高津郵便局,35.72060,140.07779
八木郵便局,35.88796,139.93360
北八幡郵便局,35.72112,139.93125
北国分駅前郵便局,35.76294,139.91514
北柏駅前郵便局,35.87502,139.98774
千種郵便局,35.49596,140.06233
千葉あすみが丘郵便局,35.51936,140.26475
千葉あやめ台郵便局,35.64919,140.11543
千葉こてはし台郵便局,35.68906,140.12024
千葉こやつ郵便局,35.55268,140.18634
千葉にれの木台郵便局,35.65734,140.08484
千葉みつわ台郵便局,35.63872,140.13538
千葉ガーデンタウン郵便局,35.61425,140.10032
千葉中央四郵便局,35.60623,140.12152
千葉中央市場内郵便局,35.61339,140.07183
千葉亥鼻郵便局,35.60562,140.12688
千葉仁戸名郵便局,35.58884,140.15574
千葉今井郵便局,35.58262,140.12666
千葉作新台郵便局,35.69185,140.08477
千葉作草部郵便局,35.62567,140.11404
千葉加曽利郵便局,35.61764,140.16973
千葉千城台東郵便局,35.61697,140.19392
千葉千城郵便局,35.59981,140.16743
千葉千草台郵便局,35.63461,140.11985
千葉古市場簡易郵便局,35.54773,140.14585
千葉大学病院内簡易郵便局,35.60454,140.13510
千葉大宮郵便局,35.59274,140.18278
千葉宮崎郵便局,35.58542,140.13399
千葉宮野木郵便局,35.65772,140.09535
千葉寒川郵便局,35.60200,140.11963
千葉寺町郵便局,35.59539,140.13009
千葉小中台北郵便局,35.64545,140.09778
千葉小仲台八郵便局,35.64606,140.08811
千葉小仲台郵便局,35.63905,140.09932
千葉小倉台郵便局,35.62812,140.17146
千葉小深郵便局,35.65903,140.15137
千葉市場前郵便局,35.59551,140.12088
千葉幕張本郷郵便局,35.67437,140.04703
千葉幕張西郵便局,35.66552,140.03716
千葉幸町郵便局,35.62183,140.09341
千葉新宿郵便局,35.60386,140.11235
千葉新町郵便局,35.61005,140.11422
千葉星久喜郵便局,35.59781,140.15029
千葉曽我野郵便局,35.57102,140.12965
千葉朝日ヶ丘郵便局,35.65375,140.08629
千葉東寺山郵便局,35.62342,140.12960
千葉松波郵便局,35.61842,140.11052
千葉桜木郵便局,35.61768,140.15389
千葉椿森郵便局,35.61947,140.11963
千葉泉谷郵便局,35.55172,140.17415
千葉生実郵便局,35.56029,140.14835
千葉登戸郵便局,35.61558,140.10177
千葉県庁内郵便局,35.60474,140.12350
千葉真砂一郵便局,35.63351,140.07088
千葉真砂二郵便局,35.64109,140.06914
千葉磯辺西郵便局,35.63624,140.05353
千葉磯辺郵便局,35.63071,140.05917
千葉稲毛海岸郵便局,35.63452,140.07658
千葉穴川郵便局,35.63639,140.11099
千葉緑町郵便局,35.62500,140.09824
千葉花園郵便局,35.65373,140.07379
千葉西都賀郵便局,35.63661,140.14726
千葉誉田郵便局,35.54931,140.19916
千葉越智郵便局,35.53865,140.24081
千葉道場郵便局,35.61410,140.13072
千葉都町郵便局,35.60931,140.14565
千葉鉄工団地内郵便局,35.68124,140.11446
千葉長作郵便局,35.68294,140.07113
千葉長沼原郵便局,35.65722,140.12588
千葉院内郵便局,35.61442,140.12296
千葉高根郵便局,35.59545,140.21570
千葉高洲郵便局,35.62344,140.07916
千葉Ｂｅｅ－Ｏｎｅ内郵便局,35.61177,140.11654
千葉ＣＣプラザ内郵便局,35.60685,140.10837
南柏駅前郵便局,35.84603,139.95544
南流山郵便局,35.83677,139.89924
南行徳駅前郵便局,35.67177,139.90317
印旛郵便局,35.77704,140.22036
印西原山郵便局,35.79801,140.12770
印西小倉台郵便局,35.80715,140.11187
印西木刈郵便局,35.80898,140.10451
印西郵便局,35.79735,140.11297
印西高花郵便局,35.79859,140.13945
四街道つくし座郵便局,35.67127,140.17623
四街道みそら郵便局,35.67097,140.19828
四街道めいわ郵便局,35.65336,140.17337
四街道千代田郵便局,35.69105,140.18670
四街道大日郵便局,35.67491,140.16241
四街道旭ヶ丘郵便局,35.66314,140.18581
四街道郵便局,35.65642,140.16322
四街道駅前郵便局,35.66595,140.16341
四街道鷹の台郵便局,35.63081,140.19483
四街道鹿渡郵便局,35.66252,140.17317
土気郵便局,35.53288,140.25951
土気駅前郵便局,35.52993,140.26928
増尾郵便局,35.83408,139.98048
姉崎仲町郵便局,35.47482,140.03864
姉崎郵便局,35.48074,140.04467
安食郵便局,35.84073,140.24266
安食駅前郵便局,35.83407,140.24109
宗像郵便局,35.76060,140.16725
宗吾郵便局,35.75943,140.27874
宿連寺簡易郵便局,35.88880,139.98038
富勢郵便局,35.88188,139.99271
小林駅前郵便局,35.83114,140.19389
川間郵便局,35.99053,139.84136
市原ちはら台郵便局,35.52952,140.18504
市原五井東郵便局,35.51215,140.09299
市原五井西郵便局,35.51685,140.07375
市原五井郵便局,35.51477,140.08659
市原光風台郵便局,35.44663,140.10763
市原八幡郵便局,35.53793,140.11946
市原南郵便局,35.45549,140.12283
市原君塚郵便局,35.51887,140.10502
市原国分寺台南郵便局,35.49199,140.10874
市原国分寺台西郵便局,35.50077,140.11204
市原国分寺台郵便局,35.49658,140.11691
市原島野郵便局,35.49399,140.07566
市原有秋台郵便局,35.45127,140.05225
市原桜台郵便局,35.44061,140.04705
市原磯ヶ谷郵便局,35.45385,140.13860
市原神代簡易郵便局,35.47027,140.09705
市原若宮郵便局,35.52854,140.13330
市原若葉郵便局,35.52207,140.08524
市原菊間郵便局,35.53918,140.14982
市原辰巳台東郵便局,35.51701,140.15180
市原辰巳台西郵便局,35.52383,140.15005
市原郡本郵便局,35.51221,140.12474
市原郵便局,35.52765,140.10252
市原青葉台郵便局,35.46983,140.05912
市川三本松郵便局,35.72975,139.91009
市川中国分郵便局,35.75201,139.91325
市川二俣郵便局,35.69943,139.95453
市川北方郵便局,35.72379,139.93925
市川南三郵便局,35.72772,139.90450
市川南八幡郵便局,35.72076,139.92311
市川原木郵便局,35.70174,139.94353
市川国分郵便局,35.74521,139.92008
市川国府台郵便局,35.75076,139.90253
市川塩浜郵便局,35.66216,139.91362
市川塩焼郵便局,35.68619,139.92505
市川大洲郵便局,35.71663,139.91163
市川大野郵便局,35.75554,139.95464
市川宮久保郵便局,35.73493,139.93639
市川幸郵便局,35.67933,139.92536
市川広小路郵便局,35.73193,139.90250
市川新井郵便局,35.67633,139.89245
市川曾谷郵便局,35.74532,139.93706
市川本北方郵便局,35.72893,139.94367
市川本行徳郵便局,35.69577,139.91925
市川東菅野郵便局,35.72997,139.92953
市川真間郵便局,35.73662,139.90759
市川稲荷木郵便局,35.71235,139.91950
市川若宮郵便局,35.72465,139.95308
市川郵便局,35.72521,139.92178
市川須和田郵便局,35.73648,139.92386
市川鬼越郵便局,35.71827,139.93789
市東郵便局,35.50735,140.21487
市津郵便局,35.51532,140.17615
布佐郵便局,35.85172,140.13631
幕張テクノガーデン内郵便局,35.65166,140.04128
幕張ベイタウン郵便局,35.64156,140.04534
幕張北口郵便局,35.66167,140.05884
平山簡易郵便局,35.57629,140.16904
弥富簡易郵便局,35.65337,140.23744
我孫子つくし野郵便局,35.88102,140.00963
我孫子新木郵便局,35.86433,140.10806
我孫子柴崎台郵便局,35.87472,140.04265
我孫子泉郵便局,35.87200,140.03149
我孫子湖北台郵便局,35.86553,140.07487
我孫子緑郵便局,35.87038,140.01438
我孫子郵便局,35.86680,140.04196
我孫子駅前郵便局,35.87412,140.01079
手賀郵便局,35.83637,140.04966
新千葉郵便局,35.61486,140.10674
新川郵便局,35.91332,139.90511
新松戸北郵便局,35.82903,139.90564
新松戸南郵便局,35.82199,139.91021
新松戸郵便局,35.82728,139.91583
新松戸駅前郵便局,35.82722,139.92083
新柏駅前郵便局,35.83908,139.96669
新浦安駅前郵便局,35.64865,139.91326
新浦安駅北郵便局,35.65209,139.91201
更科郵便局,35.61992,140.22712
木下駅前郵便局,35.83667,140.14906
木間ヶ瀬郵便局,36.01989,139.84503
本埜郵便局,35.81059,140.20308
本白井郵便局,35.80077,140.06725
東中山駅前郵便局,35.71500,139.95354
東我孫子駅前郵便局,35.86869,140.04687
東習志野郵便局,35.70142,140.06360
東酒々井郵便局,35.73005,140.27538
松戸上本郷郵便局,35.79489,139.91887
松戸中和倉郵便局,35.80647,139.92458
松戸元山郵便局,35.79026,139.97794
松戸八ヶ崎郵便局,35.81212,139.92940
松戸六高台郵便局,35.80019,139.98439
松戸大金平郵便局,35.83644,139.92703
松戸小金原郵便局,35.82070,139.93719
松戸新作郵便局,35.80367,139.91603
松戸松飛台郵便局,35.79042,139.96807
松戸梨香台郵便局,35.75782,139.93491
松戸稔台郵便局,35.78821,139.93039
松戸馬橋西郵便局,35.81270,139.91125
柏つくしが丘郵便局,35.83587,139.96243
柏ひばりが丘郵便局,35.84998,139.96888
柏みどり台郵便局,35.90063,139.92486
柏中原郵便局,35.82253,139.97124
柏中新宿郵便局,35.83374,139.94574
柏光ヶ丘郵便局,35.82781,139.95772
柏加賀郵便局,35.83156,139.96974
柏十余二東郵便局,35.88110,139.96363
柏千代田郵便局,35.85469,139.97594
柏東台郵便局,35.86252,139.98491
柏松葉郵便局,35.88916,139.96930
柏田中郵便局,35.90001,139.96206
柏豊上郵便局,35.85672,139.95469
柏豊四季台郵便局,35.86470,139.95730
柏逆井南郵便局,35.80663,139.97613
柏逆井郵便局,35.82210,139.98171
柏郵便局,35.86061,139.97652
柏酒井根郵便局,35.81961,139.95924
柏駅西口郵便局,35.86238,139.96864
柏高島屋郵便局,35.86336,139.97044
栄安食郵便局,35.84303,140.23586
永治簡易郵便局,35.82489,140.10895
沼南大井郵便局,35.84373,140.00719
沼南大津ヶ丘郵便局,35.83914,139.99929
沼南高柳西郵便局,35.80867,139.99188
沼南高柳郵便局,35.81148,140.00880
津田沼南口郵便局,35.69058,140.01619
津田沼郵便局,35.69321,140.02250
流山加台郵便局,35.86176,139.90616
流山富士見台郵便局,35.89224,139.90225
流山平和台郵便局,35.85491,139.90625
流山江戸川台郵便局,35.89971,139.91189
流山鰭ヶ崎郵便局,35.84019,139.90992
浜野郵便局,35.55679,140.12921
浦安堀江郵便局,35.65630,139.89187
浦安富岡郵便局,35.64275,139.90034
浦安望海の街郵便局,35.64128,139.92001
浦安猫実二郵便局,35.65874,139.89942
浦安猫実四郵便局,35.66297,139.89315
浦安郵便局,35.65177,139.90040
湖北郵便局,35.86928,140.08287
牧の原団地内郵便局,35.79247,139.95650
犢橋郵便局,35.67066,140.10715
白井冨士郵便局,35.76937,140.02563
白井郵便局,35.78370,140.05280
睦郵便局,35.75179,140.08487
福田郵便局,35.94209,139.92427
秋山駅前郵便局,35.76412,139.93300
稲毛ファミールハイツ郵便局,35.65247,140.11046
稲毛海岸駅前郵便局,35.62800,140.07151
稲毛郵便局,35.63758,140.08491
稲毛駅前郵便局,35.63605,140.09069
習志野さぎ沼一郵便局,35.67635,140.02394
習志野大久保東郵便局,35.68747,140.05055
習志野大久保郵便局,35.68383,140.04437
習志野実籾郵便局,35.69071,140.06999
習志野屋敷郵便局,35.68207,140.05692
習志野津田沼郵便局,35.68257,140.02600
習志野秋津郵便局,35.66749,140.01669
習志野藤崎郵便局,35.69079,140.03973
習志野袖ヶ浦郵便局,35.67616,140.01897
習志野谷津郵便局,35.68399,140.01008
習志野駅前郵便局,35.71497,140.04300
習志野鷺沼台郵便局,35.68310,140.03164
臼井郵便局,35.73441,140.18331
船橋グリーンハイツ郵便局,35.72874,140.01652
船橋三咲東郵便局,35.75163,140.03484
船橋三咲郵便局,35.75652,140.02277
船橋三山郵便局,35.70164,140.05092
船橋中央市場内郵便局,35.70518,139.99512
船橋二和郵便局,35.75226,140.01936
船橋前原団地内郵便局,35.70154,140.02092
船橋前原東郵便局,35.70052,140.03169
船橋北口郵便局,35.70388,139.98303
船橋古和釜郵便局,35.73548,140.04963
船橋塚田郵便局,35.72365,139.98121
船橋夏見郵便局,35.71437,139.99205
船橋大穴郵便局,35.73957,140.03280
船橋宮本郵便局,35.69416,139.99300
船橋小室駅前郵便局,35.78782,140.07430
船橋市場郵便局,35.70200,140.00228
船橋本中山郵便局,35.71174,139.94089
船橋本町郵便局,35.69774,139.98785
船橋東郵便局,35.72349,140.04696
船橋松が丘郵便局,35.73454,140.04116
船橋法典郵便局,35.72831,139.96229
船橋海神郵便局,35.70577,139.97325
船橋習志野台五郵便局,35.71435,140.05488
船橋芝山郵便局,35.71649,140.02015
船橋若松郵便局,35.68107,139.99328
船橋藤原三郵便局,35.73661,139.97940
船橋行田郵便局,35.71879,139.97080
船橋西習志野郵便局,35.72135,140.04063
船橋郵便局,35.69752,139.97964
船橋金杉台郵便局,35.73548,140.01224
船橋高根台六郵便局,35.72951,140.03652
船橋高根台郵便局,35.73066,140.03124
船穂郵便局,35.78418,140.12826
花見川区役所前郵便局,35.66209,140.06932
花見川団地内郵便局,35.68901,140.09574
花見川郵便局,35.66499,140.09491
若葉郵便局,35.60987,140.12446
茂原緑ヶ丘郵便局,35.43564,140.26098
菅野郵便局,35.73307,139.91767
薬園台郵便局,35.71093,140.04859
薬園台駅前郵便局,35.71418,140.03901
行徳郵便局,35.68064,139.90704
行徳駅前三郵便局,35.68124,139.91714
行徳駅前四郵便局,35.67552,139.91475
袖ヶ浦さつき台郵便局,35.44627,140.00934
袖ヶ浦蔵波郵便局,35.44619,139.99031
西千葉駅前郵便局,35.62248,140.10268
西白井駅前郵便局,35.78604,140.03118
西船橋駅前郵便局,35.70899,139.95881
西船橋駅南口郵便局,35.70707,139.95473
誉田駅前郵便局,35.54710,140.21081
豊四季駅前郵便局,35.86517,139.94142
都賀駅前郵便局,35.63592,140.15085
酒々井郵便局,35.73347,140.27438
野呂郵便局,35.58198,140.23179
野田ジャスコ内郵便局,35.94762,139.87650
野田宮崎郵便局,35.95667,139.87158
野田山崎郵便局,35.92860,139.89028
野田岩名郵便局,35.97598,139.83705
野田本町通郵便局,35.94105,139.86403
野田梅郷団地郵便局,35.94412,139.90722
野田清水郵便局,35.95909,139.85733
野田目吹郵便局,35.96173,139.88919
野田郵便局,35.94648,139.86241
鎌ヶ谷中央一郵便局,35.77315,140.00202
鎌ヶ谷中沢郵便局,35.77321,139.98939
鎌ヶ谷初富郵便局,35.76259,140.01452
鎌ヶ谷南初富郵便局,35.76872,140.00935
鎌ヶ谷新田郵便局,35.74476,140.00146
鎌ヶ谷道野辺郵便局,35.75248,139.98599
鎌ヶ谷郵便局,35.76351,140.00072
鎌ヶ谷駅前郵便局,35.76446,139.99635
長柄郵便局,35.45669,140.20874
長浦郵便局,35.45424,140.00386
阿蘇郵便局,35.74771,140.12006
馬渡郵便局,35.67014,140.22756
馬込沢駅前郵便局,35.74323,139.99275
高根公団南口郵便局,35.72958,140.02891
八柱駅前郵便局,35.79267,139.93808
千葉高浜郵便局,35.62380,140.06589
市川南大野郵便局,35.74309,139.95058
市川曽谷北郵便局,35.74926,139.92620
松戸仲井郵便局,35.78677,139.91817
松戸六実郵便局,35.79480,139.99612
松戸矢切郵便局,35.76058,139.89933
松戸西窪郵便局,35.79866,139.94369
松戸野菊野郵便局,35.77991,139.91353
あきる野小川郵便局,35.72022,139.31916
あきる野郵便局,35.73190,139.28505
あきる野郵便局福生分室,35.73931,139.32640
お台場海浜公園前郵便局,35.62998,139.77814
お花茶屋駅前郵便局,35.74695,139.83970
くらまえ橋郵便局,35.70134,139.79042
せいせきＣ館内郵便局,35.65198,139.44733
たかの台駅前郵便局,35.72305,139.45957
町田駅前郵便局,35.54096,139.44814
ひばりが丘北郵便局,35.75288,139.54675
ひばりが丘郵便局,35.74967,139.54401
めじろ台駅前郵便局,35.64334,139.30672
アロマスクエア郵便局,35.56053,139.71829
アーク森ビル内郵便局,35.66729,139.74007
グランベリーモール郵便局,35.50983,139.47324
ゲートシティ大崎郵便局,35.61966,139.73061
サンシャイン６０内郵便局,35.72923,139.71924
シーバンスＮ館内郵便局,35.64994,139.75694
テレコムセンター内郵便局,35.61757,139.78029
ニュー新橋ビル内郵便局,35.66617,139.75756
パレスサイドビル内郵便局,35.69115,139.75759
ファーレ立川郵便局,35.70220,139.41480
ホテルニューオータニ内郵便局,35.68113,139.73360
メトロポリタンプラザ内郵便局,35.72883,139.70964
ユーティリティセンタービル内郵便局,35.54278,139.78985
一橋学園駅前郵便局,35.72425,139.47879
七生郵便局,35.64642,139.38146
三田国際ビル内郵便局,35.65293,139.74455
三軒茶屋駅前郵便局,35.64393,139.67001
三鷹上連雀五郵便局,35.69938,139.55168
三鷹上連雀郵便局,35.68565,139.55019
三鷹下連雀四郵便局,35.69312,139.55976
三鷹下連雀郵便局,35.69325,139.56940
三鷹中原四郵便局,35.66501,139.56873
三鷹井の頭郵便局,35.69412,139.57942
三鷹井口郵便局,35.69520,139.54603
三鷹北野郵便局,35.67379,139.58167
三鷹大沢四郵便局,35.66560,139.54092
三鷹大沢郵便局,35.68098,139.53850
三鷹新川一郵便局,35.66807,139.57534
三鷹新川郵便局,35.68293,139.56840
三鷹牟礼二郵便局,35.68780,139.58117
三鷹駅前郵便局,35.70181,139.56045
上十条四郵便局,35.76264,139.71436
上十条郵便局,35.75845,139.72555
上板橋郵便局,35.76228,139.67402
上池袋郵便局,35.73490,139.71860
上目黒四郵便局,35.64180,139.69080
上石神井郵便局,35.72580,139.59001
上野七郵便局,35.71526,139.77988
上野三郵便局,35.70629,139.77392
上野郵便局,35.71893,139.78110
上野駅前郵便局,35.71065,139.77596
上野黒門郵便局,35.70513,139.77283
下井草南郵便局,35.71569,139.62993
下保谷二郵便局,35.75267,139.55875
下川口郵便局,35.69617,139.27609
下石神井三郵便局,35.73301,139.60670
下谷三郵便局,35.72740,139.78924
下谷神社前郵便局,35.71068,139.78110
世田谷一郵便局,35.64199,139.64572
世田谷上祖師谷二郵便局,35.65743,139.59959
世田谷上祖師谷郵便局,35.65874,139.59213
世田谷上野毛郵便局,35.61480,139.63714
世田谷上馬一郵便局,35.63824,139.66772
世田谷上馬郵便局,35.63530,139.66389
世田谷下馬二郵便局,35.64059,139.67486
世田谷下馬郵便局,35.64082,139.68119
世田谷中町郵便局,35.61966,139.64317
世田谷九品仏郵便局,35.60361,139.66081
世田谷代沢郵便局,35.65822,139.66774
世田谷北沢三郵便局,35.66692,139.67283
世田谷北烏山八郵便局,35.67623,139.59175
世田谷北烏山郵便局,35.67696,139.59953
世田谷千歳台郵便局,35.65597,139.60960
世田谷喜多見三郵便局,35.62724,139.59995
世田谷四郵便局,35.64517,139.65099
世田谷大原郵便局,35.67084,139.65915
世田谷太子堂郵便局,35.64840,139.66861
世田谷奥沢一郵便局,35.60330,139.67786
世田谷奥沢郵便局,35.60466,139.67176
世田谷岡本郵便局,35.62616,139.61941
世田谷弦巻郵便局,35.63613,139.64914
世田谷成城二郵便局,35.63718,139.59995
世田谷明大前郵便局,35.66975,139.65056
世田谷桜上水五郵便局,35.66476,139.63017
世田谷桜丘三郵便局,35.63871,139.62581
世田谷桜丘二郵便局,35.64416,139.62625
世田谷桜新町郵便局,35.63024,139.64383
世田谷桜郵便局,35.64154,139.64000
世田谷池尻郵便局,35.64854,139.67790
世田谷淡島郵便局,35.65483,139.67384
世田谷深沢一郵便局,35.61491,139.66031
世田谷深沢郵便局,35.62096,139.65378
世田谷瀬田郵便局,35.62240,139.62944
世田谷用賀郵便局,35.62966,139.63445
世田谷砧郵便局,35.63613,139.61073
世田谷祖師谷四郵便局,35.64802,139.60819
世田谷等々力郵便局,35.60909,139.64803
世田谷給田郵便局,35.66626,139.59123
世田谷船橋郵便局,35.65496,139.62256
世田谷若林三郵便局,35.64242,139.65522
世田谷若林四郵便局,35.64627,139.65947
世田谷赤堤二郵便局,35.65963,139.64331
世田谷赤堤郵便局,35.66583,139.63882
世田谷野毛郵便局,35.60119,139.64522
世田谷野沢郵便局,35.63027,139.67192
世田谷鎌田郵便局,35.62080,139.60892
世田谷駒沢二郵便局,35.63816,139.65825
世田谷駒沢郵便局,35.63079,139.65441
両国郵便局,35.69549,139.78565
中央人形町二郵便局,35.68460,139.78554
中央佃郵便局,35.66459,139.78560
中央八丁堀郵便局,35.67633,139.77503
中央八重洲郵便局,35.68104,139.77049
中央勝どき三郵便局,35.65918,139.77350
中央勝どき郵便局,35.65971,139.77774
中央大学内郵便局,35.64161,139.40852
中央新富二郵便局,35.67191,139.77388
中央新川二郵便局,35.67467,139.78373
中央新川郵便局,35.67752,139.78232
中央浜町一郵便局,35.68982,139.78679
中央湊郵便局,35.67149,139.77901
中央築地六郵便局,35.66466,139.77332
中央築地郵便局,35.66176,139.76754
中央豊海郵便局,35.65321,139.77018
中央郵政研修所内郵便局,35.69339,139.43143
中板橋郵便局,35.75534,139.69727
中目黒駅前郵便局,35.64252,139.69800
中里郵便局,35.73803,139.74940
中野サンクォーレ内郵便局,35.70913,139.66453
中野三郵便局,35.70520,139.66427
中野上高田一郵便局,35.70879,139.67511
中野上高田郵便局,35.71566,139.67216
中野丸山郵便局,35.72290,139.65673
中野五郵便局,35.70954,139.66700
中野北郵便局,35.72584,139.65428
中野南台二郵便局,35.68565,139.66936
中野南台郵便局,35.68268,139.66458
中野坂上郵便局,35.69597,139.68330
中野大和町郵便局,35.70979,139.64997
中野弥生郵便局,35.69046,139.67922
中野新井郵便局,35.71277,139.66752
中野新橋駅前郵便局,35.69321,139.67480
中野本町三郵便局,35.69748,139.67605
中野本町五郵便局,35.69312,139.66889
中野江古田三郵便局,35.72628,139.66783
中野沼袋郵便局,35.71987,139.66308
中野白鷺郵便局,35.71910,139.63616
中野若宮郵便局,35.72087,139.64489
中野野方五郵便局,35.71824,139.65334
中野鷺宮五郵便局,35.72707,139.63231
中野鷺宮北郵便局,35.72490,139.64502
乃木坂駅前郵便局,35.66640,139.72771
久米川駅前郵便局,35.74892,139.47273
九段郵便局,35.69523,139.75258
亀有郵便局,35.76431,139.84884
亀有駅前郵便局,35.76862,139.84823
二子玉川郵便局,35.61591,139.62536
五日市伊奈郵便局,35.73458,139.25586
井荻駅前郵便局,35.72242,139.61394
京橋月島郵便局,35.66188,139.78174
京橋通郵便局,35.67549,139.76982
京王堀之内駅前郵便局,35.62371,139.40146
京王高尾駅前郵便局,35.64179,139.28511
代々木三郵便局,35.68271,139.69394
代々木二郵便局,35.68699,139.69979
代々木五郵便局,35.67803,139.69196
代々木郵便局,35.67713,139.68226
代々木駅前通郵便局,35.68082,139.70197
仲御徒町郵便局,35.70566,139.77533
保谷中町四郵便局,35.73734,139.56620
保谷住吉郵便局,35.74270,139.55070
保谷富士町郵便局 (Fujimachi Post Office),35.73108,139.56619
保谷東伏見郵便局,35.72439,139.56089
保谷東町郵便局 (Hoya Higashi-cho Post Office),35.74543,139.56195
元代々木郵便局,35.67126,139.68719
元八王子三郵便局,35.65501,139.27721
元八王子郵便局,35.67321,139.29524
元浅草郵便局,35.70711,139.78275
全特六本木ビル内郵便局,35.66385,139.73910
八坂駅前郵便局,35.74597,139.46735
八幡山駅前郵便局,35.66926,139.61647
八王子グリーンヒル寺田郵便局,35.62282,139.30667
八王子上柚木郵便局,35.62087,139.36658
八王子上野町郵便局,35.65570,139.32750
八王子並木町郵便局,35.65239,139.30198
八王子中野上町一郵便局,35.66762,139.33075
八王子中野上町五郵便局,35.67331,139.31547
八王子中野上町郵便局,35.66770,139.32308
八王子中野山王郵便局,35.67431,139.32450
八王子中野郵便局,35.67967,139.31790
八王子丹木郵便局,35.69709,139.32439
八王子元横山町郵便局,35.66367,139.33530
八王子北野郵便局,35.64576,139.35944
八王子千人町郵便局,35.65731,139.30745
八王子南大沢五郵便局,35.61212,139.36939
八王子南大沢郵便局,35.60721,139.37894
八王子南郵便局,35.63357,139.32894
八王子台町郵便局,35.65623,139.31470
八王子大和田郵便局,35.66214,139.35096
八王子大横郵便局,35.66231,139.33005
八王子子安南郵便局,35.64776,139.33961
八王子子安郵便局,35.65454,139.33683
八王子宇津木台郵便局,35.68892,139.35747
八王子宇津木郵便局,35.68089,139.35427
八王子富士見郵便局,35.66773,139.35075
八王子寺町郵便局,35.65776,139.33346
八王子小比企郵便局,35.63812,139.31875
八王子川口東郵便局,35.68542,139.29875
八王子川町郵便局,35.66740,139.26766
八王子左入郵便局,35.68512,139.34690
八王子市役所前郵便局,35.66523,139.31581
八王子弐分方郵便局,35.68144,139.27694
八王子明神町郵便局,35.65933,139.34356
八王子松が谷郵便局,35.62793,139.41574
八王子椚田郵便局,35.63465,139.30811
八王子横山町郵便局,35.65962,139.33544
八王子横川郵便局,35.66548,139.30417
八王子片倉台郵便局,35.63215,139.34719
八王子片倉郵便局,35.64271,139.33905
八王子犬目郵便局,35.68481,139.31219
八王子狭間通郵便局,35.63784,139.29595
八王子由木郵便局,35.62812,139.38328
八王子絹ケ丘郵便局,35.63676,139.35811
八王子緑町郵便局,35.64579,139.32161
八王子西郵便局,35.64695,139.30059
八王子追分町郵便局,35.66081,139.31725
八王子郵便局,35.66670,139.34075
八王子長房郵便局,35.65539,139.29539
八王子館町郵便局,35.62760,139.28836
八王子駅前郵便局,35.65755,139.33902
八王子高倉郵便局,35.66778,139.36947
八重洲地下街簡易郵便局,35.68056,139.76938
六月町郵便局,35.78817,139.79759
六本木ヒルズ郵便局,35.66065,139.72926
六本木駅前郵便局,35.66207,139.73274
六郷土手郵便局,35.54091,139.70893
創価大学内簡易郵便局,35.68964,139.32410
北八王子駅前郵便局,35.66902,139.36120
北千住郵便局,35.75404,139.80418
北品川郵便局,35.62223,139.73998
北堀船郵便局,35.75218,139.74677
北小岩七郵便局,35.74301,139.89159
北小岩三郵便局,35.73690,139.89175
北小岩六郵便局,35.74357,139.88389
北志茂一郵便局,35.77623,139.73071
北志茂郵便局,35.77979,139.73129
北新宿三郵便局,35.70195,139.69223
北桐ケ丘郵便局,35.77940,139.70777
北浮間二郵便局,35.79100,139.69885
北浮間郵便局,35.78725,139.69946
北田端新町郵便局,35.74045,139.76416
北田端郵便局,35.73501,139.75459
北神谷郵便局,35.77007,139.72963
北豊島三郵便局,35.76195,139.74718
北豊島二郵便局,35.75634,139.74180
北豊島団地内郵便局,35.76666,139.75220
北豊島郵便局,35.76648,139.74224
十条仲原郵便局,35.76313,139.72054
千代田一番町郵便局,35.68635,139.73927
千代田四番町郵便局,35.68862,139.73622
千代田鍛冶町郵便局,35.69351,139.77174
千住河原郵便局,35.74143,139.79832
千住竜田郵便局,35.75287,139.79459
千歳烏山郵便局,35.67003,139.59903
千歳船橋駅前郵便局,35.64864,139.62408
千歳郵便局,35.64938,139.63242
千鳥町駅前郵便局,35.57244,139.69339
半蔵門駅前郵便局,35.68499,139.74144
南品川一郵便局,35.61503,139.74406
南品川二郵便局,35.61086,139.74444
南品川四郵便局,35.61324,139.74062
南大沢駅前郵便局,35.61257,139.38210
南小岩フラワーロード郵便局,35.72915,139.88145
南小岩五郵便局,35.72301,139.88037
南池袋郵便局,35.72712,139.71321
南郵便局,35.52247,139.46885
南麻布二郵便局,35.64888,139.73708
南麻布五郵便局,35.65138,139.72329
原宿駅前郵便局,35.66754,139.70602
原町田郵便局,35.54180,139.45105
台東三筋郵便局,35.70493,139.78529
台東入谷郵便局,35.72054,139.78492
台東千束郵便局,35.71945,139.79197
台東日本堤郵便局,35.72598,139.79696
台東松が谷郵便局,35.71113,139.78736
台東根岸三郵便局,35.72208,139.78234
台東根岸二郵便局,35.72487,139.77812
台東桜木郵便局,35.72024,139.76973
台東清川郵便局,35.72620,139.80463
台東竜泉郵便局,35.72471,139.79221
台東聖天前郵便局,35.71843,139.80124
台東花川戸郵便局,35.71462,139.79921
台東谷中郵便局,35.72133,139.76452
アトレ吉祥寺内郵便局,35.70335,139.58248
吉祥寺北町郵便局,35.72012,139.56834
吉祥寺本町二郵便局,35.70436,139.57532
吉祥寺駅前郵便局,35.70529,139.58075
向島郵便局,35.71971,139.81729
和泉多摩川駅前郵便局,35.62674,139.57523
品川インターシティ郵便局,35.62616,139.74206
品川不動前郵便局,35.62569,139.71305
品川中延三郵便局,35.60913,139.71184
品川中延五郵便局,35.60316,139.70923
品川二葉郵便局,35.59966,139.72388
品川八潮郵便局,35.59889,139.75044
品川南大井郵便局,35.59566,139.73658
品川大井七郵便局,35.59477,139.72944
品川大井三郵便局,35.60026,139.73048
品川大井二郵便局,35.60405,139.72955
品川天王洲郵便局,35.62427,139.75107
品川小山三郵便局,35.62063,139.70719
品川小山五郵便局,35.61524,139.70213
品川平塚一郵便局,35.61515,139.71586
品川平塚橋郵便局,35.61578,139.70944
品川御殿山郵便局,35.62205,139.73720
品川戸越郵便局,35.61075,139.71897
品川旗の台郵便局,35.60780,139.70458
品川東五反田郵便局,35.62677,139.72607
品川東大井二郵便局,35.60197,139.73999
品川水神郵便局,35.59122,139.73213
品川洗足郵便局,35.60936,139.69586
品川西五反田六郵便局,35.62030,139.71681
品川西大井二郵便局,35.59969,139.72392
品川西大井五郵便局,35.59855,139.71963
品川豊郵便局,35.60480,139.71708
品川郵便局,35.60510,139.73615
品川駅前郵便局,35.63077,139.73791
品川鮫洲郵便局,35.60519,139.74569
唐木田駅前郵便局,35.61560,139.41169
喜多見駅前郵便局,35.63734,139.58881
四谷大木戸郵便局,35.68573,139.71576
四谷通二郵便局,35.68885,139.72394
四谷郵便局,35.68160,139.71971
四谷駅前郵便局,35.68831,139.72872
国会内郵便局,35.67477,139.74432
国分寺光郵便局,35.70675,139.44285
国分寺内藤郵便局,35.69617,139.45571
国分寺南郵便局,35.69795,139.47937
国分寺富士本郵便局,35.70439,139.45296
国分寺本多郵便局 (Kokubunji Honda Post Office),35.70612,139.48276
国分寺本町郵便局,35.70092,139.47774
国分寺東恋ヶ窪四郵便局,35.71129,139.47040
国分寺西町郵便局,35.70895,139.43477
国分寺郵便局,35.70941,139.46240
国立北郵便局,35.70095,139.42949
国立天神下郵便局,35.68129,139.44149
国立富士見台郵便局,35.68465,139.44757
国立旭通郵便局,35.69695,139.44857
国立東郵便局,35.69070,139.45182
国立西郵便局,35.69789,139.43365
国立谷保郵便局,35.68015,139.43149
国立郵便局,35.68667,139.44213
国際基督教大学内郵便局,35.68622,139.52944
国領駅前郵便局,35.65018,139.55672
城東郵便局,35.68979,139.82921
増戸郵便局,35.72634,139.25336
墨田両国三郵便局,35.69313,139.79399
墨田二郵便局,35.73314,139.81697
墨田京島一郵便局,35.71654,139.81907
墨田京島郵便局,35.71351,139.82348
墨田八広三郵便局,35.71874,139.82862
墨田八広四郵便局,35.72293,139.83073
墨田吾妻橋郵便局,35.70879,139.80325
墨田四郵便局,35.73049,139.82446
墨田太平町郵便局,35.70081,139.81051
墨田横川郵便局,35.70432,139.81487
墨田横網郵便局,35.69799,139.79687
墨田江東橋郵便局,35.69511,139.81066
墨田白鬚郵便局,35.72760,139.81585
墨田石原郵便局,35.70115,139.80357
墨田立花団地内郵便局,35.70554,139.83034
墨田立花郵便局,35.71118,139.82995
墨田緑町郵便局,35.69435,139.80024
墨田菊川郵便局,35.68832,139.80715
外苑前郵便局,35.66921,139.71649
多摩センター郵便局,35.62798,139.42742
多摩永山郵便局,35.62151,139.45052
多摩落合郵便局,35.61654,139.43024
多摩貝取北郵便局,35.62345,139.43818
多摩貝取郵便局,35.61496,139.43924
多摩関戸郵便局,35.64118,139.45082
多摩鶴牧郵便局,35.61160,139.42377
多西郵便局,35.73858,139.30394
大和郵便局,35.75020,139.42655
大塚・帝京大学駅前郵便局,35.63715,139.41671
大塚駅前郵便局,35.73338,139.72901
大山駅前郵便局,35.74859,139.70460
大岡山駅前郵便局,35.60715,139.68628
大崎三郵便局,35.61726,139.72311
大崎郵便局,35.62524,139.71894
大崎郵便局ＮＴＴ東日本関東病院内分室(2014/06/28廃止),35.63102,139.72548
大崎駅前郵便局,35.61953,139.72944
大手町ビル内郵便局,35.68632,139.76418
大手町一郵便局,35.68946,139.76306
大東文化学園内郵便局,35.78258,139.66797
大森ベルポート郵便局,35.58885,139.73149
大森北六郵便局,35.58064,139.73141
大森東一郵便局,35.57650,139.73587
大森西六郵便局,35.56777,139.72726
大森駅前郵便局,35.58583,139.72816
大田上池台郵便局,35.60187,139.69931
大田下丸子郵便局,35.56694,139.68520
大田中央一郵便局,35.58022,139.71986
大田中央七郵便局,35.57601,139.71324
大田中央八郵便局,35.57361,139.71919
大田中央四郵便局,35.58268,139.71438
大田中馬込郵便局,35.59497,139.70528
大田久が原西郵便局,35.58273,139.69257
大田久が原郵便局,35.58083,139.69777
大田京浜島郵便局,35.57089,139.76491
大田仲六郷郵便局,35.55194,139.71542
大田入新井郵便局,35.58422,139.73413
大田北千束郵便局,35.60536,139.69377
大田南六郷一郵便局,35.54925,139.72338
大田南六郷二郵便局,35.54471,139.72074
大田南蒲田郵便局,35.55437,139.72514
大田南雪谷郵便局,35.59130,139.68087
大田南馬込一郵便局,35.59031,139.71075
大田南馬込二郵便局,35.59026,139.71865
大田山王郵便局,35.59032,139.72806
大田市場内郵便局,35.57878,139.75944
大田平和島二郵便局,35.58492,139.74508
大田東嶺町郵便局,35.58530,139.68611
大田東矢口三郵便局,35.56383,139.70839
大田東糀谷郵便局,35.55731,139.74164
大田東雪谷二郵便局,35.59605,139.68511
大田東雪谷五郵便局,35.58948,139.69623
大田東馬込郵便局,35.59860,139.71251
大田池上六郵便局,35.56722,139.70408
大田矢口一郵便局,35.56728,139.69156
大田矢口三郵便局,35.56022,139.69558
大田羽田郵便局,35.55117,139.74791
大田萩中三郵便局,35.54986,139.74016
大田萩中郵便局,35.55186,139.72972
大田西六郷三郵便局,35.54564,139.70692
大田西六郷郵便局,35.55401,139.70679
大田西糀谷三郵便局,35.55478,139.73941
大田西糀谷二郵便局,35.55847,139.73483
大田西糀谷郵便局,35.55744,139.72886
大田西馬込郵便局,35.58693,139.70464
大田鵜の木郵便局,35.57578,139.68061
宮内庁内郵便局,35.68382,139.75382
富士見台駅前郵便局,35.73474,139.63049
小伝馬町郵便局,35.69140,139.77921
小岩駅前郵便局,35.73351,139.88495
小川町郵便局,35.69615,139.76207
小平ブリヂストン前郵便局,35.73733,139.46562
小平上宿郵便局,35.73134,139.44762
小平上水南郵便局,35.71252,139.48540
小平上水本町郵便局,35.71712,139.46499
小平仲町郵便局,35.72961,139.48159
小平喜平郵便局,35.71906,139.48917
小平回田町郵便局,35.71553,139.49668
小平天神郵便局,35.72778,139.49232
小平学園西町郵便局,35.72075,139.47121
小平小川西郵便局,35.74028,139.46051
小平小川郵便局,35.73036,139.46424
小平花小金井五郵便局,35.73586,139.50645
小平郵便局,35.73324,139.47198
小平鈴木二郵便局,35.72343,139.50749
小平駅前郵便局,35.73747,139.48809
小曽木郵便局,35.82043,139.27543
小松ビル内郵便局,35.67090,139.74213
小石川一郵便局,35.71487,139.75065
小石川五郵便局,35.71817,139.73719
小石川郵便局,35.71359,139.74241
小金井前原三郵便局,35.69759,139.50590
小金井前原五郵便局,35.69092,139.50262
小金井本町郵便局,35.70937,139.50287
小金井東二郵便局,35.69512,139.53304
小金井東町郵便局,35.69454,139.52287
小金井緑町郵便局,35.70515,139.52005
小金井貫井北郵便局,35.70784,139.49632
小金井貫井南郵便局,35.69376,139.49323
小金井郵便局 (Koganei Post Office),35.70520,139.50626
尾山台駅前郵便局,35.60749,139.65379
山王グランドビル内郵便局,35.67645,139.73836
山王パークタワー内郵便局,35.67324,139.74021
巣鴨郵便局,35.73720,139.73302
市谷柳町郵便局,35.69864,139.72610
帝国ホテル内郵便局,35.67221,139.75888
幡ヶ谷南郵便局,35.67606,139.67672
平井郵便局,35.74091,139.26620
平井駅前郵便局,35.70574,139.83976
府中三郵便局,35.67626,139.48523
府中中河原郵便局,35.65762,139.45977
府中八幡宿郵便局,35.67054,139.48385
府中分梅郵便局,35.66415,139.46582
府中北山郵便局,35.68812,139.45779
府中四谷郵便局,35.66378,139.44687
府中学園通郵便局,35.68490,139.48929
府中小柳町郵便局,35.65635,139.50498
府中日鋼町郵便局,35.67476,139.47224
府中是政郵便局,35.65782,139.48512
府中本町二郵便局,35.66598,139.47626
府中浅間郵便局,35.68422,139.49907
府中清水が丘郵便局,35.66709,139.49429
府中片町郵便局,35.67066,139.46986
府中白糸台郵便局,35.66773,139.50993
Fuchū Momijigaoka Yūbinkyoku,35.67576,139.51543
府中美好郵便局,35.67281,139.46510
府中若松町郵便局,35.67724,139.50540
府中西府町郵便局,35.67717,139.45707
府中車返団地内郵便局,35.66190,139.51242
御茶ノ水郵便局,35.70059,139.76441
志村橋郵便局,35.78914,139.68299
忠生郵便局,35.57781,139.42028
恩方郵便局,35.67321,139.26394
恵比寿ガーデンプレイス郵便局,35.64205,139.71319
恵比寿駅ビル内郵便局,35.64674,139.71005
恵比寿駅前郵便局,35.64623,139.70803
慶應義塾前郵便局,35.64954,139.74497
成城学園前郵便局,35.64088,139.59970
成瀬清水谷郵便局,35.54552,139.47373
成瀬駅前郵便局,35.53752,139.47138
押上駅前郵便局,35.70893,139.81473
拝島郵便局,35.70756,139.34025
放送センター内郵便局,35.66468,139.69680
文京グリーンコート郵便局,35.72992,139.74777
文京千石郵便局,35.72743,139.74204
文京千駄木三郵便局,35.72720,139.76392
文京千駄木四郵便局,35.73120,139.75988
文京向丘二郵便局,35.72354,139.75533
文京向丘郵便局,35.71804,139.75815
文京大塚三郵便局,35.72184,139.73838
文京大塚二郵便局,35.72112,139.73177
文京大塚五郵便局,35.72477,139.73027
文京春日郵便局,35.70829,139.75213
文京根津郵便局,35.71900,139.76393
文京水道郵便局,35.70987,139.73635
文京白山上郵便局,35.72142,139.75344
文京白山下郵便局,35.71698,139.75243
文京白山五郵便局,35.72615,139.74743
文京目白台一郵便局,35.71499,139.72463
文京目白台二郵便局,35.71831,139.72169
文京関口一郵便局,35.71012,139.72988
文京音羽郵便局,35.71584,139.72932
新中野駅前郵便局,35.69759,139.66633
新代田駅前郵便局,35.66218,139.66045
新大久保駅前郵便局,35.70068,139.69998
新宿アイタウン郵便局,35.69346,139.68763
新宿アイランド郵便局,35.69301,139.69288
新宿パークタワー内郵便局,35.68524,139.69116
新宿一郵便局,35.68931,139.71014
新宿三井ビル内郵便局,35.69182,139.69393
新宿三郵便局,35.69168,139.70380
新宿上落合郵便局,35.71318,139.68699
新宿下落合三郵便局,35.72278,139.70394
新宿下落合四郵便局,35.72212,139.69631
新宿中落合郵便局,35.72271,139.68912
新宿二郵便局,35.69018,139.70760
新宿住友ビル内郵便局,35.69129,139.69288
新宿住吉郵便局,35.69210,139.72135
新宿保健会館内郵便局,35.69407,139.73596
新宿北郵便局,35.70740,139.70855
新宿区役所内郵便局,35.69409,139.70352
新宿天神郵便局,35.70535,139.73052
新宿小滝橋郵便局,35.70996,139.69491
新宿広小路郵便局,35.69515,139.69841
新宿戸山郵便局,35.70162,139.71482
新宿改代町郵便局,35.70663,139.73447
新宿明治通郵便局,35.69571,139.70736
新宿歌舞伎町郵便局,35.69798,139.70297
新宿百人町郵便局,35.70673,139.69599
新宿神楽坂郵便局,35.70185,139.73939
新宿第一生命ビル内郵便局,35.69160,139.69116
新宿花園郵便局,35.69065,139.71402
新宿西落合郵便局,35.72017,139.68052
新宿諏訪町郵便局,35.71090,139.70449
新宿野村ビル内郵便局,35.69302,139.69535
新宿馬場下郵便局,35.70606,139.72040
新宿駅南口郵便局,35.68785,139.69774
新富郵便局,35.67329,139.77577
新小岩駅前郵便局,35.71640,139.85964
新日本橋駅前郵便局,35.68879,139.77402
新木場センタービル内郵便局,35.64396,139.82600
新板橋郵便局,35.75817,139.70646
新橋四郵便局,35.66457,139.75352
新橋郵便局,35.66713,139.76126
新目白通郵便局,35.71676,139.69784
新秋津駅前郵便局,35.77711,139.49037
新蒲田二郵便局,35.55950,139.70505
新高円寺駅前郵便局,35.69804,139.64909
日暮里駅前郵便局,35.72956,139.77006
日本橋プラザ内郵便局,35.68268,139.77474
日本橋三井ビル内郵便局,35.68710,139.77254
日本橋二郵便局,35.68127,139.77482
日本橋人形町郵便局,35.68537,139.78230
日本橋大伝馬町郵便局,35.69015,139.78088
日本橋室町郵便局,35.68611,139.77532
日本橋小網町郵便局,35.68277,139.78126
日本橋小舟町郵便局,35.68746,139.77724
日本橋本町郵便局,35.69049,139.77638
日本橋浜町郵便局,35.68515,139.78946
日本橋茅場町郵便局,35.67868,139.77835
日本橋通一郵便局,35.68366,139.77297
日本橋郵便局,35.68338,139.77738
日赤医療センター内郵便局,35.65657,139.71877
日野下田郵便局,35.67359,139.41998
日野北郵便局,35.67847,139.41024
日野南平郵便局,35.65515,139.39513
日野台郵便局,35.67448,139.37527
日野多摩平六郵便局,35.67156,139.38413
日野新町郵便局,35.68240,139.38793
日野旭が丘郵便局,35.65806,139.36986
日野百草郵便局,35.64906,139.41857
日野神明郵便局,35.66994,139.39575
日野郵便局,35.67090,139.40416
日野駅前郵便局,35.67904,139.39788
日野高幡台郵便局,35.65315,139.41316
日野高幡郵便局,35.66053,139.41262
早稲田大学前郵便局,35.70801,139.72205
早稲田通郵便局,35.71016,139.71350
昭和郵便局,35.70061,139.37033
昭島つつじが丘ハイツ郵便局,35.71342,139.36866
昭島松原四郵便局,35.71829,139.34368
昭島田中郵便局,35.70259,139.35244
昭島緑郵便局,35.71333,139.34866
昭島郷地郵便局,35.69506,139.38360
晴海トリトンスクエア郵便局,35.65680,139.78296
最高裁判所内郵便局,35.67993,139.74269
朝日ビル内郵便局,35.67060,139.76210
本所二郵便局,35.70424,139.80010
本所郵便局,35.70265,139.81768
本郷一郵便局,35.70495,139.75711
本郷三郵便局,35.70595,139.76334
本郷五郵便局,35.71094,139.75536
本郷四郵便局,35.70765,139.75965
本郷郵便局,35.71214,139.75937
本駒込二郵便局,35.73195,139.74938
本駒込郵便局,35.72817,139.75239
杉並上井草郵便局,35.72426,139.60407
杉並上高井戸郵便局,35.67262,139.61074
杉並下井草郵便局,35.72237,139.62479
杉並下高井戸郵便局,35.66974,139.62500
杉並久我山郵便局,35.68720,139.59850
杉並井草郵便局,35.72766,139.62053
杉並今川三郵便局,35.71605,139.60730
杉並今川四郵便局,35.71602,139.59777
杉並南郵便局,35.68157,139.63411
杉並和泉二郵便局,35.67468,139.65147
杉並和泉郵便局,35.67568,139.65828
杉並和田郵便局,35.69170,139.65474
杉並善福寺郵便局,35.71087,139.59903
杉並堀ノ内郵便局,35.68285,139.64900
杉並天沼郵便局,35.71106,139.62361
杉並宮前三郵便局,35.69774,139.60760
杉並宮前五郵便局,35.69597,139.60165
杉並富士見ヶ丘郵便局,35.68496,139.60747
杉並成田西郵便局,35.69120,139.63181
杉並方南二郵便局,35.68298,139.65728
杉並本天沼郵便局,35.71704,139.62153
杉並松ノ木郵便局,35.69204,139.64605
杉並松庵郵便局,35.69729,139.59340
杉並桃井郵便局,35.71496,139.61419
杉並桜上水郵便局,35.66893,139.63283
杉並清水郵便局,35.70766,139.61603
杉並聖堂前郵便局,35.68936,139.65791
杉並西荻北郵便局,35.70820,139.59289
杉並西荻南郵便局,35.70179,139.59950
杉並郵便局,35.69887,139.63597
杉並高井戸東郵便局,35.68810,139.62111
村山団地内郵便局,35.74417,139.40868
村山郵便局,35.75561,139.38713
東上野六郵便局,35.71476,139.78452
東中野郵便局,35.70845,139.68877
東久留米下里郵便局,35.75231,139.49862
東久留米中央町郵便局,35.75308,139.51576
東久留米前沢郵便局,35.74277,139.51380
東久留米南沢五郵便局,35.74341,139.52560
東久留米大門郵便局,35.76444,139.53606
東久留米学園町郵便局,35.74906,139.53384
東久留米小山郵便局,35.76383,139.51673
東久留米本村郵便局,35.75822,139.50779
東久留米本町郵便局,35.76153,139.53062
東久留米滝山郵便局,35.74561,139.50459
東久留米郵便局,35.75881,139.52617
東京オペラシティ郵便局,35.68290,139.68661
東京シティターミナル内郵便局,35.68132,139.78643
東京交通会館内郵便局,35.67493,139.76468
東京国際郵便局,35.66416,139.83798
東京多摩郵便局,35.65462,139.46276
東京流通センター内郵便局,35.58107,139.74780
東京都庁内郵便局,35.68958,139.69172
東京高等裁判所内郵便局,35.67488,139.75260
東十条六郵便局,35.77170,139.72593
東十条郵便局,35.76727,139.72764
東十条駅前郵便局,35.76364,139.72902
東向島一郵便局,35.72249,139.81412
東向島五郵便局,35.72626,139.82165
東品川一郵便局,35.61950,139.74594
東大和上北台郵便局,35.74480,139.41538
東大和南街郵便局,35.73597,139.43265
東大和向原郵便局,35.74094,139.43788
東大和新堀郵便局,35.73647,139.44521
東大和清水郵便局,35.74544,139.45021
東大和芋窪郵便局,35.75421,139.41295
東大島駅前郵便局,35.69126,139.84457
東小岩一郵便局,35.72274,139.89134
東小岩五郵便局,35.73187,139.89025
東小金井駅前郵便局,35.70029,139.52454
東日暮里二郵便局,35.72923,139.78518
東日暮里六郵便局,35.73089,139.77826
東日本橋三郵便局,35.69135,139.78346
東村山市役所前郵便局,35.75508,139.46994
東村山栄町郵便局,35.74917,139.47693
東村山秋津郵便局,35.77358,139.47895
東村山諏訪郵便局,35.76908,139.46809
東村山郵便局,35.75825,139.46689
東村山野口郵便局,35.76322,139.45571
東村山青葉郵便局,35.76094,139.48712
東松原駅前郵便局,35.66224,139.65573
東池袋郵便局,35.72559,139.72207
東浅草郵便局,35.72269,139.80116
東玉川郵便局,35.59911,139.67483
東田端郵便局,35.74094,139.76083
東神田一郵便局,35.69479,139.78263
東秋留郵便局,35.72787,139.31585
東芝ビル内郵便局,35.65170,139.75807
東蒲田二郵便局,35.56283,139.72919
東高円寺郵便局,35.69723,139.66064
板橋ハッピーロード郵便局,35.74751,139.70227
板橋三園郵便局,35.78926,139.63724
板橋中丸郵便局,35.74195,139.70555
板橋中台二郵便局,35.77253,139.68208
板橋中台郵便局,35.76550,139.67849
板橋前野郵便局,35.77153,139.69172
板橋南常盤台郵便局,35.75650,139.68977
板橋向原郵便局,35.74113,139.68180
板橋四郵便局,35.75295,139.71605
板橋坂下一郵便局,35.77983,139.68920
板橋坂下郵便局,35.77952,139.68190
板橋大山郵便局,35.74873,139.69685
板橋大谷口北郵便局,35.74870,139.68641
板橋大谷口郵便局,35.74651,139.69119
板橋富士見郵便局,35.76100,139.69602
板橋小茂根郵便局,35.74802,139.67856
板橋常盤台三郵便局,35.76111,139.68391
板橋常盤台郵便局,35.76276,139.69035
板橋幸町郵便局,35.74295,139.69738
板橋弥生郵便局,35.75259,139.69427
板橋徳丸三郵便局,35.77000,139.65472
板橋徳丸五郵便局,35.77631,139.65410
板橋徳丸郵便局,35.77512,139.66305
板橋志村郵便局,35.77423,139.69689
板橋成増ヶ丘郵便局,35.77857,139.63213
板橋成増郵便局,35.77615,139.63134
板橋新河岸団地内郵便局,35.79672,139.66405
板橋東新町郵便局,35.75301,139.68308
板橋清水郵便局,35.76432,139.70556
板橋舟渡郵便局,35.79419,139.68857
板橋蓮根郵便局,35.78418,139.67799
板橋蓮沼郵便局,35.76938,139.70211
板橋西台郵便局,35.77394,139.67017
板橋西台駅前郵便局,35.78931,139.67255
板橋赤塚新町郵便局,35.77061,139.64328
板橋赤塚郵便局,35.77969,139.64691
板橋郵便局,35.74920,139.71380
板橋高島平七郵便局,35.79121,139.65781
板橋高島平郵便局,35.78892,139.64490
柳沢駅前郵便局,35.72925,139.55349
梅ヶ丘駅前郵便局,35.65672,139.65299
森下町郵便局,35.68780,139.79788
機械振興会館内郵便局,35.65952,139.74510
武蔵大和駅前郵便局,35.75497,139.44318
武蔵府中郵便局,35.67448,139.47865
武蔵村山三ツ藤郵便局,35.75225,139.37724
武蔵村山中原郵便局,35.75792,139.36431
武蔵村山大南四郵便局,35.73506,139.41113
武蔵村山大南郵便局,35.73758,139.40116
武蔵村山郵便局,35.74828,139.40541
武蔵野上向台郵便局,35.71834,139.52720
武蔵野中町郵便局,35.70342,139.56470
武蔵野境南郵便局,35.69929,139.53837
武蔵野境郵便局,35.70392,139.54420
武蔵野御殿山郵便局,35.70265,139.57662
武蔵野桜堤郵便局,35.70895,139.53394
武蔵野郵便局,35.71027,139.56186
武蔵野関前三郵便局,35.71245,139.55400
武蔵野関前郵便局,35.71339,139.54285
武蔵関駅前郵便局,35.72859,139.57692
永山駅前郵便局,35.62818,139.44861
汐留シティセンター郵便局,35.66537,139.76101
江戸川一之江郵便局,35.68944,139.88007
江戸川一郵便局,35.68788,139.90639
江戸川上一色郵便局,35.72637,139.87504
江戸川上篠崎郵便局,35.71019,139.90093
江戸川中央三郵便局,35.70969,139.87547
江戸川中央四郵便局,35.71165,139.86504
江戸川中央郵便局,35.70477,139.87381
江戸川中葛西一郵便局,35.67385,139.87165
江戸川今井郵便局,35.68285,139.88887
江戸川区役所前郵便局,35.70635,139.86867
江戸川南篠崎二郵便局,35.69179,139.90431
江戸川小松川郵便局,35.69833,139.85162
江戸川平井七郵便局,35.71323,139.84154
江戸川平井五郵便局,35.70971,139.84515
江戸川平井郵便局,35.70532,139.84523
江戸川春江五郵便局,35.68044,139.87451
江戸川本一色郵便局,35.71698,139.87357
江戸川東小松川三郵便局,35.69191,139.86323
江戸川東小松川郵便局,35.69952,139.86573
江戸川東松本郵便局,35.71807,139.88773
江戸川東瑞江二郵便局,35.68824,139.89526
江戸川東篠崎郵便局,35.69766,139.91611
江戸川東葛西六郵便局,35.66129,139.87388
江戸川松島郵便局,35.71023,139.85937
江戸川松江郵便局,35.68949,139.87237
江戸川椿郵便局,35.69594,139.89073
江戸川篠崎郵便局,35.70482,139.91370
江戸川臨海郵便局,35.64539,139.87001
江戸川船堀郵便局,35.68171,139.86181
江戸川西一之江郵便局,35.69574,139.87767
江戸川郵便局,35.70265,139.86318
江戸川長島郵便局,35.66609,139.88093
江戸川鹿骨二郵便局,35.70999,139.89384
江戸川鹿骨郵便局,35.71171,139.88800
江東亀戸七郵便局,35.69782,139.83907
江東亀戸五郵便局,35.69999,139.83248
江東亀戸六郵便局,35.69649,139.83143
江東亀戸郵便局,35.70329,139.82532
江東北砂一郵便局,35.68024,139.82323
江東北砂七郵便局,35.67988,139.83498
江東北砂三郵便局,35.68238,139.83060
江東北砂五郵便局,35.68510,139.83604
江東区文化センター内郵便局,35.67232,139.81882
江東千田郵便局,35.68152,139.81623
江東南砂六郵便局,35.67050,139.83569
江東南砂北郵便局,35.67460,139.83484
江東南砂団地内郵便局,35.67224,139.82254
江東南砂郵便局,35.67366,139.82687
江東塩浜郵便局,35.66416,139.81296
江東大島郵便局,35.69039,139.83990
江東新砂郵便局,35.66082,139.82435
江東木場郵便局,35.66966,139.80651
江東東砂二郵便局,35.68534,139.84279
江東東砂八郵便局,35.66827,139.84165
江東東砂郵便局,35.67788,139.84054
江東東雲郵便局,35.64502,139.79988
江東永代郵便局,35.67632,139.79057
江東洲崎橋郵便局,35.66891,139.81107
江東潮見郵便局,35.65871,139.81387
江東牡丹一郵便局,35.67041,139.79310
江東牡丹郵便局,35.66871,139.79860
江東白河郵便局,35.68193,139.80682
江東辰巳郵便局,35.65010,139.80931
池ノ上駅前郵便局,35.66012,139.67298
池上郵便局,35.57328,139.70042
池袋グリーン通郵便局,35.72731,139.71613
池袋サンシャイン通郵便局,35.73081,139.71556
池袋四郵便局,35.73742,139.71119
池袋本町三郵便局,35.74487,139.71369
池袋本町郵便局,35.74234,139.71598
池袋西武簡易郵便局,35.72898,139.71162
池袋郵便局,35.73323,139.70894
池袋駅前郵便局,35.73192,139.71498
泉岳寺駅前郵便局,35.63827,139.74002
浅草四郵便局,35.71871,139.79650
浅草橋郵便局,35.69988,139.78071
浅草郵便局,35.71003,139.79091
海事ビル内郵便局,35.68315,139.73669
深川一郵便局,35.67623,139.79616
深川郵便局,35.67038,139.81782
清瀬中清戸郵便局,35.77686,139.53384
清瀬中里郵便局,35.78534,139.51793
清瀬旭が丘郵便局,35.79515,139.54120
清瀬松山郵便局,35.77253,139.51251
清瀬郵便局,35.77675,139.51817
清瀬野塩郵便局,35.77803,139.50054
清瀬駅前郵便局,35.77103,139.52037
渋谷三郵便局,35.65599,139.70461
渋谷上原郵便局,35.66971,139.68230
渋谷代官山郵便局,35.64896,139.70191
渋谷千駄ヶ谷郵便局,35.67943,139.70816
渋谷富ヶ谷一郵便局,35.66810,139.69041
渋谷富ヶ谷二郵便局,35.66329,139.68508
渋谷幡ヶ谷郵便局,35.67771,139.67128
渋谷広尾郵便局,35.64832,139.72074
渋谷恵比寿郵便局,35.64574,139.71666
渋谷本町二郵便局,35.68418,139.68455
渋谷本町五郵便局,35.68343,139.67555
渋谷東二郵便局,35.65411,139.70815
渋谷松濤郵便局,35.66016,139.69500
渋谷桜丘郵便局,35.65427,139.70109
渋谷橋郵便局,35.64871,139.71291
渋谷神宮前郵便局,35.67282,139.70947
渋谷笹塚郵便局,35.67388,139.66465
渋谷道玄坂郵便局,35.65721,139.69619
渋谷郵便局,35.66018,139.70400
渋谷青山通郵便局,35.66266,139.70891
港三田四郵便局,35.64693,139.74048
港浜松町郵便局,35.65654,139.75418
港港南郵便局,35.62838,139.74412
港白金三郵便局,35.64660,139.73058
港白金台郵便局,35.63794,139.72663
港白金郵便局,35.64566,139.72458
港竹芝郵便局,35.65385,139.76221
港芝五郵便局,35.64690,139.74613
,35.64348,139.74689
港虎ノ門三郵便局,35.66493,139.74782
湯島二郵便局,35.70519,139.76640
湯島四郵便局,35.70858,139.76881
滝野川三郵便局,35.75137,139.72830
滝野川六郵便局,35.74762,139.72296
滝野川郵便局,35.74387,139.72461
牛込抜弁天郵便局,35.69798,139.71541
牛込若松町郵便局,35.69990,139.72128
牛込郵便局,35.69965,139.73113
狛江中和泉郵便局,35.63949,139.56812
狛江岩戸南郵便局,35.62905,139.58509
狛江東野川郵便局,35.64598,139.58065
狛江西野川郵便局,35.64599,139.57265
狛江郵便局,35.64204,139.57484
玉川学園前郵便局,35.56266,139.46005
玉川郵便局,35.61605,139.65014
王子三丁目郵便局,35.75946,139.73707
王子五郵便局,35.76561,139.73584
王子本町郵便局,35.75280,139.73490
王子郵便局,35.76093,139.74059
瑞江駅前郵便局,35.69278,139.89936
瑞穂むさし野郵便局,35.76076,139.33770
瑞穂郵便局,35.77266,139.35666
瑞穂長岡郵便局,35.77927,139.32950
用賀駅前郵便局,35.62658,139.63378
田園調布一郵便局,35.59147,139.67242
田園調布五郵便局,35.59675,139.65642
田園調布本町郵便局,35.58358,139.67364
田園調布郵便局 (Denenchofu Post Office),35.58898,139.67840
田無北芝久保郵便局,35.73253,139.52287
田無南町二郵便局,35.72587,139.54592
田無向台郵便局,35.72230,139.53651
田無緑町郵便局,35.74218,139.54243
田無芝久保二郵便局,35.72741,139.52606
田無芝久保郵便局,35.72606,139.53148
田無西原郵便局,35.74173,139.53295
田端郵便局,35.73820,139.75827
町村会館内郵便局,35.67878,139.74157
町田つくし野郵便局,35.52810,139.47922
町田三輪郵便局,35.57358,139.48908
町田南つくし野郵便局,35.51218,139.47765
町田南大谷郵便局,35.55331,139.45680
町田大戸郵便局,35.60625,139.30337
町田小山田桜台郵便局,35.59082,139.40288
町田小山郵便局,35.59218,139.38086
町田山崎北郵便局,35.58082,139.43622
町田山崎郵便局,35.56810,139.43647
町田成瀬台郵便局,35.55435,139.47747
町田木曽西郵便局,35.57076,139.41815
町田本町田郵便局,35.56338,139.44706
町田森野郵便局,35.54863,139.44190
町田相原郵便局,35.60462,139.33389
町田藤の台郵便局,35.57085,139.44888
町田郵便局,35.55536,139.44485
町田金森東郵便局,35.52839,139.46874
町田金森郵便局,35.53413,139.45980
町田高ケ坂郵便局,35.54405,139.45860
百草園駅前郵便局,35.65931,139.42948
目黒三田郵便局,35.64048,139.71203
目黒三郵便局,35.63580,139.70586
目黒中町郵便局,35.63505,139.69225
目黒五本木郵便局,35.63736,139.68678
目黒八雲二郵便局,35.61752,139.66864
目黒八雲五郵便局,35.62466,139.66608
目黒南三郵便局,35.61374,139.68503
目黒原町郵便局,35.61538,139.69441
目黒四郵便局,35.63177,139.70277
目黒大橋郵便局,35.65019,139.68798
目黒本町郵便局,35.62144,139.69555
目黒東山一郵便局,35.64852,139.69227
目黒東山二郵便局,35.64846,139.68727
目黒柿ノ木坂郵便局,35.61898,139.67469
目黒碑文谷二郵便局,35.62188,139.68953
目黒碑文谷四郵便局,35.62158,139.68250
目黒緑が丘郵便局,35.60966,139.67664
目黒郵便局,35.62763,139.69369
目黒駅前郵便局,35.63424,139.71905
目黒駒場郵便局,35.65777,139.68641
目黒鷹番郵便局,35.62658,139.68639
矢野口郵便局,35.63921,139.51971
石神井公園駅前郵便局,35.74363,139.60455
石神井台六郵便局,35.73842,139.58239
石神井四郵便局,35.75020,139.60144
砂川郵便局,35.72331,139.40341
祖師谷大蔵駅前郵便局,35.64318,139.60681
神代植物公園前郵便局,35.67108,139.54414
神田今川橋郵便局,35.69054,139.77196
神田南神保町郵便局,35.69523,139.75858
神田淡路町郵便局,35.69540,139.76577
神田錦町郵便局,35.69124,139.76357
神田須田町郵便局,35.69542,139.77436
神田駅前郵便局,35.69335,139.76960
神田駿河台郵便局,35.70020,139.76255
神谷町郵便局,35.66450,139.74548
福生加美郵便局,35.74630,139.32650
福生武蔵野台郵便局,35.74436,139.33322
福生熊川南郵便局,35.71474,139.33594
福生熊川郵便局,35.72550,139.33794
福生牛浜郵便局,35.73295,139.33128
秋川渕上郵便局,35.72578,139.27392
秋川野辺郵便局,35.72408,139.31014
稲城向陽台郵便局,35.63990,139.48746
稲城平尾郵便局,35.60983,139.48854
稲城押立郵便局,35.64620,139.50830
稲城駅前郵便局,35.63632,139.49965
立川けやき台郵便局,35.71733,139.43524
立川大山郵便局,35.72111,139.38769
立川富士見六郵便局,35.69353,139.39377
立川富士見郵便局,35.70100,139.39788
立川幸四郵便局,35.72545,139.42848
立川幸郵便局,35.71945,139.42299
立川松中郵便局,35.73256,139.37524
立川柴崎郵便局,35.69437,139.41132
立川栄郵便局,35.71186,139.42804
立川若葉町郵便局,35.72261,139.44246
立川西砂郵便局,35.73058,139.36402
立川錦町四郵便局,35.68942,139.42013
立川錦郵便局,35.69606,139.42127
立川高松郵便局,35.70304,139.41675
立教学院内郵便局,35.73181,139.70330
立石郵便局,35.73773,139.85220
第二霞ケ関郵便局,35.67546,139.75107
笹塚駅前郵便局,35.67401,139.66905
綾瀬駅前郵便局,35.76231,139.82129
練馬上石神井北郵便局,35.73070,139.58828
練馬下石神井通郵便局,35.73237,139.59911
練馬中村二郵便局,35.73255,139.64494
練馬中村郵便局,35.73642,139.63886
練馬二郵便局,35.74233,139.65608
練馬光が丘団地内郵便局,35.76342,139.62547
練馬北町郵便局,35.76690,139.66468
練馬南大泉一郵便局,35.73673,139.57611
練馬南大泉三郵便局,35.74395,139.56928
練馬南大泉五郵便局,35.74986,139.57342
練馬南田中二郵便局,35.73245,139.61789
練馬南田中郵便局,35.73798,139.62053
練馬四郵便局,35.74227,139.64927
練馬大泉二郵便局,35.76112,139.60651
練馬富士見台四郵便局,35.74398,139.62525
練馬小竹郵便局,35.74328,139.67619
練馬平和台一郵便局,35.76023,139.66395
練馬平和台郵便局,35.75964,139.65624
練馬早宮郵便局,35.75133,139.65513
練馬旭丘郵便局,35.73689,139.67233
練馬旭町郵便局,35.77178,139.63122
練馬春日南郵便局,35.74811,139.64763
練馬桜台二郵便局,35.74369,139.66742
練馬桜台郵便局,35.73725,139.66053
練馬氷川台郵便局,35.75188,139.66635
練馬田柄二郵便局,35.76584,139.64477
練馬田柄郵便局,35.75972,139.63633
練馬立野郵便局,35.71448,139.58353
練馬西大泉五郵便局,35.75741,139.56661
練馬谷原郵便局,35.75136,139.61747
練馬豊玉中郵便局,35.73153,139.66258
練馬豊玉郵便局,35.73037,139.65711
練馬貫井郵便局,35.74228,139.63399
練馬郵便局,35.73546,139.65266
練馬関一郵便局,35.71999,139.59195
練馬関町郵便局,35.72321,139.57475
練馬高松郵便局,35.75761,139.61842
練馬高野台郵便局,35.74998,139.60847
練馬高野台駅前郵便局,35.74148,139.61589
羽村加美郵便局,35.76771,139.29986
羽村南郵便局,35.75627,139.30878
羽村富士見郵便局,35.76091,139.32122
羽村小作台郵便局,35.77456,139.30002
羽田整備場駅前郵便局,35.55492,139.75471
羽田空港郵便局,35.54837,139.78396
聖路加ガーデン内郵便局,35.66727,139.77868
芝一郵便局,35.65091,139.75410
芝三郵便局,35.65268,139.74893
芝大門郵便局,35.65980,139.75402
芝郵便局,35.66288,139.75199
芦花公園駅前郵便局,35.66936,139.60920
花小金井駅前郵便局,35.72712,139.51426
花畑西郵便局,35.80453,139.80679
荏原郵便局,35.61269,139.70727
荒川五郵便局,35.73910,139.77753
荒川北町屋郵便局,35.74842,139.78465
荒川南千住五郵便局,35.73383,139.79732
荒川南千住郵便局,35.73589,139.78920
荒川東尾久二郵便局,35.74340,139.77082
荒川東尾久六郵便局,35.74659,139.77490
荒川東尾久四郵便局,35.74280,139.76705
荒川汐入郵便局,35.73726,139.80725
荒川町屋五郵便局,35.74992,139.77862
荒川町屋郵便局,35.74352,139.78279
荒川西尾久七郵便局,35.74901,139.75657
荒川西尾久三郵便局,35.75263,139.76197
荒川西尾久二郵便局,35.74762,139.76297
荻窪二郵便局,35.69643,139.62347
荻窪四郵便局,35.70221,139.62258
荻窪川南郵便局,35.69779,139.61775
荻窪郵便局,35.71112,139.60933
萩山駅前郵便局,35.73933,139.47923
落合郵便局 (Ochiai Post Office),35.71079,139.68797
葛西仲町郵便局,35.65815,139.87852
葛西駅前郵便局,35.66566,139.87273
葛飾亀有二郵便局,35.75815,139.84898
葛飾区役所内郵便局,35.74368,139.84740
葛飾南水元二郵便局,35.77809,139.86020
葛飾四つ木郵便局,35.73626,139.83303
葛飾堀切一郵便局,35.74226,139.83343
葛飾堀切八郵便局,35.75687,139.82877
葛飾堀切六郵便局,35.75370,139.83092
葛飾堀切郵便局,35.74744,139.82650
葛飾奥戸郵便局,35.73457,139.86359
葛飾小菅郵便局,35.75490,139.81943
葛飾新宿二郵便局,35.76250,139.85806
葛飾東四つ木郵便局,35.72936,139.83970
葛飾東堀切三郵便局,35.75476,139.84017
葛飾東堀切二郵便局,35.75068,139.83623
葛飾東新小岩六郵便局,35.72771,139.85978
葛飾東新小岩郵便局,35.72265,139.86070
葛飾東立石郵便局,35.73443,139.84679
葛飾東金町二郵便局,35.77228,139.86789
葛飾東金町五郵便局,35.77784,139.87863
葛飾東金町郵便局,35.77176,139.87520
葛飾柴又一郵便局,35.75576,139.87133
葛飾柴又郵便局,35.75594,139.87680
葛飾水元五郵便局,35.78903,139.85787
葛飾水元郵便局,35.78306,139.86620
葛飾白鳥郵便局,35.75321,139.84573
葛飾立石一郵便局,35.73671,139.84595
葛飾細田郵便局,35.74112,139.87120
葛飾西亀有郵便局,35.76206,139.84190
葛飾西新小岩郵便局,35.72340,139.85192
葛飾西水元郵便局,35.78459,139.85456
葛飾郵便局,35.73610,139.83951
葛飾鎌倉郵便局,35.74704,139.88045
葛飾青戸三郵便局,35.74723,139.84912
葛飾青戸四郵便局,35.75317,139.85116
葛飾青戸郵便局,35.74597,139.85525
葛飾高砂七郵便局,35.75491,139.86620
葛飾高砂四郵便局,35.74708,139.87100
蒲田一郵便局,35.56528,139.71833
蒲田安方郵便局,35.56464,139.69869
蒲田郵便局,35.55845,139.71789
蒲田駅前郵便局,35.56297,139.71452
虎ノ門郵便局,35.66972,139.74921
西ヶ原四郵便局,35.74179,139.73979
西ヶ原郵便局,35.74493,139.74296
西友荻窪簡易郵便局,35.70499,139.61964
大崎駅西口郵便局,35.61721,139.72955
西小岩一郵便局,35.73330,139.87777
西小岩四郵便局,35.73876,139.87892
西巣鴨一郵便局,35.73779,139.72316
西巣鴨四郵便局,35.74440,139.72874
西新井駅前郵便局,35.77778,139.78912
西新宿七郵便局,35.69660,139.69788
西新宿八郵便局,35.69673,139.69288
西新宿四郵便局,35.69004,139.68533
西新橋一郵便局,35.66816,139.75119
西日暮里郵便局,35.73487,139.77232
西日暮里駅前郵便局,35.73243,139.76899
西早稲田一郵便局,35.71062,139.72016
西東京郵便局,35.73029,139.54031
西東京郵便局保谷分室,35.73752,139.55387
西池袋郵便局,35.73019,139.70659
西浅草郵便局,35.71498,139.79038
西秋留郵便局,35.72591,139.28803
西荻窪郵便局,35.70581,139.60172
西葛西駅前郵便局,35.66424,139.85795
西麻布郵便局,35.66043,139.72494
調布くすのき郵便局,35.64803,139.56126
調布上石原三郵便局,35.65207,139.52709
調布上石原郵便局,35.65720,139.53011
調布仙川二郵便局,35.66435,139.58314
調布仙川郵便局,35.66151,139.58625
調布八雲台郵便局,35.65568,139.55212
調布国領五郵便局,35.64765,139.55071
調布小島郵便局,35.64437,139.53792
調布市役所前郵便局,35.64925,139.54154
調布深大寺郵便局,35.67279,139.55881
調布緑ケ丘郵便局,35.66971,139.58600
調布金子郵便局,35.65253,139.57667
調布飛田給郵便局,35.65948,139.52515
豊島千川一郵便局,35.73935,139.69393
豊島千川駅前郵便局,35.73776,139.68905
豊島千早郵便局,35.73187,139.69288
豊島南大塚郵便局,35.72901,139.73185
豊島南長崎六郵便局,35.73056,139.67866
豊島南長崎郵便局,35.72648,139.68430
豊島要町一郵便局,35.73373,139.69549
豊島長崎一郵便局,35.72848,139.69513
豊島長崎六郵便局,35.73406,139.68115
豊島長崎郵便局,35.73020,139.68574
豊島高松郵便局,35.73647,139.70168
豊島高田郵便局,35.71562,139.71183
豊田駅前郵便局,35.66001,139.38382
豪徳寺駅前郵便局,35.65524,139.64822
赤坂パークビル内郵便局,35.67223,139.73354
赤坂一ツ木通郵便局,35.67618,139.73585
赤坂七郵便局,35.67021,139.73221
赤坂通郵便局,35.67314,139.73863
赤塚三郵便局,35.77641,139.63751
赤羽二郵便局,35.78020,139.72634
赤羽北二郵便局,35.78481,139.70742
赤羽岩淵駅前郵便局,35.78320,139.72105
赤羽西二郵便局,35.77226,139.72152
赤羽西六郵便局,35.77485,139.70478
赤羽西四郵便局,35.77159,139.71405
赤羽駅前郵便局,35.77776,139.71775
足立ひとつや郵便局,35.78309,139.81095
足立一郵便局,35.76440,139.80412
足立三郵便局,35.76209,139.81090
足立中居郵便局,35.74929,139.79904
足立中川郵便局,35.76956,139.85273
足立仲町郵便局,35.74618,139.80165
足立伊興二郵便局,35.79373,139.78235
足立佐野郵便局,35.78648,139.84112
足立保木間四郵便局,35.79700,139.80368
足立保木間郵便局,35.78953,139.81023
足立入谷郵便局,35.80798,139.75683
足立六木郵便局,35.79607,139.83747
足立六町郵便局,35.78548,139.82140
足立古千谷郵便局,35.80591,139.77414
足立大川町郵便局,35.75562,139.79843
足立大谷田団地内郵便局,35.77848,139.84459
足立宮元町郵便局,35.74629,139.79476
足立宮城郵便局,35.75852,139.75699
足立島根郵便局,35.78231,139.79787
足立弘道郵便局,35.77034,139.81051
足立新田郵便局,35.77242,139.74163
足立旭町郵便局,35.74918,139.80901
足立本木一郵便局,35.76150,139.78794
足立本木郵便局,35.76473,139.78107
足立東伊興郵便局,35.80110,139.78668
足立東和二郵便局,35.76904,139.84301
足立東和郵便局,35.77256,139.84142
足立東綾瀬郵便局,35.76465,139.83390
足立柳原郵便局,35.74659,139.81284
足立栗原北郵便局,35.78492,139.78887
足立梅島郵便局,35.77628,139.80301
足立梅田郵便局,35.77003,139.79745
足立椿郵便局,35.78006,139.76051
足立江北四郵便局,35.77270,139.76935
足立江北郵便局,35.78287,139.76971
足立竹の塚郵便局,35.79445,139.79582
足立綾瀬郵便局,35.76862,139.82426
足立興野郵便局,35.76806,139.77454
足立舎人郵便局,35.81185,139.76650
足立花畑一郵便局,35.79909,139.81212
足立花畑五郵便局,35.80730,139.81014
足立花畑郵便局,35.79075,139.82746
足立西伊興郵便局,35.79034,139.77501
足立西保木間郵便局,35.80117,139.79435
足立西加平郵便局,35.77648,139.82156
足立西新井二郵便局,35.78517,139.77937
足立西新井本町郵便局,35.77570,139.77407
足立西新井栄町郵便局,35.77317,139.79062
足立西新井郵便局,35.77842,139.78071
足立西竹の塚郵便局,35.79574,139.78876
足立西綾瀬郵便局,35.76645,139.81543
足立西郵便局,35.77234,139.78087
足立谷中三郵便局,35.78131,139.83462
足立谷中郵便局,35.77692,139.83045
足立郵便局,35.74343,139.81146
足立関原郵便局,35.76775,139.78847
足立青井郵便局,35.77789,139.81384
足立鹿浜八郵便局,35.78811,139.76204
足立鹿浜郵便局,35.78355,139.75118
都道府県会館内郵便局,35.67907,139.73910
金町郵便局,35.76881,139.86956
銀座一郵便局,35.67261,139.77011
銀座七郵便局,35.66707,139.76527
銀座三郵便局,35.67024,139.76941
銀座並木通郵便局,35.67327,139.76499
銀座四郵便局,35.67107,139.76565
銀座西郵便局,35.66923,139.75895
銀座通郵便局,35.67335,139.76757
銀座郵便局,35.66510,139.76405
錦糸町駅前郵便局,35.69763,139.81420
阿佐谷北三郵便局,35.71182,139.62992
阿佐谷北六郵便局,35.71301,139.63892
阿佐谷駅前郵便局,35.70409,139.63615
雑司が谷郵便局,35.71987,139.71502
霞が関ビル内郵便局,35.67156,139.74724
霞ヶ関郵便局,35.67438,139.75193
青梅上町郵便局,35.79010,139.25436
青梅住江町郵便局,35.78866,139.25988
青梅勝沼郵便局,35.79005,139.26719
青梅新町郵便局,35.78959,139.30285
青梅末広郵便局,35.77880,139.30635
青梅河辺郵便局,35.78232,139.28586
青梅若草郵便局,35.78546,139.29550
青梅藤橋郵便局,35.80288,139.30358
青梅長淵郵便局,35.77957,139.27247
青梅霞台郵便局,35.78686,139.28483
青葉東簡易郵便局,35.76586,139.49720
飛鳥山前郵便局,35.75092,139.73697
駒込駅前郵便局,35.73603,139.74651
高井戸駅前郵便局,35.68261,139.61589
高円寺中央通郵便局,35.70234,139.65416
高円寺北三郵便局,35.70739,139.64574
高円寺南三郵便局,35.70265,139.64789
高円寺駅前郵便局,35.70719,139.65049
高田馬場二郵便局,35.71320,139.70735
高砂郵便局,35.75267,139.86563
高輪二郵便局,35.63718,139.73360
高輪台郵便局,35.63196,139.73138
鳥越神社前郵便局,35.70161,139.78507
鶴川団地内郵便局,35.59091,139.47016
鷺ノ宮駅前郵便局,35.72337,139.63930
麹町本通郵便局,35.68435,139.73332
麹町郵便局,35.69212,139.74035
麹町郵便局東京逓信病院内分室,35.69668,139.74260
麹町飯田橋通郵便局,35.69935,139.74932
麻布十番郵便局,35.65538,139.73527
ＩＢＭ箱崎ビル内郵便局,35.67935,139.78660
ＫＤＤＩビル内郵便局,35.68751,139.69486
ＫＤＤＩ大手町ビル内郵便局,35.68786,139.76420
ＮＴＴ日比谷ビル内郵便局,35.67110,139.75766
ＮＴＴ東日本研修センタ内郵便局,35.65224,139.58678
ＴＦＴ内郵便局,35.63091,139.78996
ＴＯＣビル内郵便局,35.62207,139.71924
あざみ野駅内郵便局,35.56875,139.55351
かしわ台駅前郵便局,35.46835,139.41322
かながわサイエンスパーク内郵便局,35.59491,139.62073
さがみ野駅前郵便局,35.47355,139.42760
たまプラーザ駅南口郵便局,35.57309,139.56013
オルトヨコハマ内郵便局,35.48726,139.65412
クイーンズスクエア横浜郵便局,35.45704,139.63451
シルクセンター内郵便局,35.44704,139.64498
テクノウェイブ１００ビル内郵便局,35.48107,139.64460
パークシティ新川崎内郵便局,35.54895,139.67413
七沢郵便局,35.44212,139.29851
三ツ境駅北口郵便局,35.46884,139.50199
三菱重工横浜ビル内郵便局,35.45627,139.62932
上溝郵便局,35.55685,139.35712
中央林間駅前郵便局,35.50731,139.44287
中津郵便局,35.51600,139.33462
仲町台駅前郵便局,35.53695,139.58998
保土ヶ谷郵便局,35.46087,139.59641
半原郵便局,35.54341,139.26898
南万騎が原駅前郵便局,35.45112,139.52546
南林間駅前郵便局,35.49642,139.44638
厚木上依知郵便局,35.51077,139.35674
厚木上荻野郵便局,35.49989,139.31370
厚木北郵便局,35.48986,139.33945
厚木宮の里簡易郵便局,35.47724,139.31278
厚木山際郵便局,35.49176,139.36557
厚木松枝町郵便局,35.44812,139.36364
厚木森の里郵便局,35.44554,139.30916
厚木毛利台郵便局,35.43993,139.33001
厚木緑ヶ丘郵便局,35.45320,139.34212
厚木鳶尾郵便局,35.49134,139.32681
国分郵便局,35.45689,139.39908
城山若葉台郵便局,35.59628,139.29346
城山郵便局,35.59446,139.30264
大口駅前郵便局,35.49300,139.64681
大和つきみ野郵便局,35.51144,139.45567
大和上草柳郵便局,35.47744,139.45417
大和中央一郵便局,35.46659,139.46091
大和南林間六郵便局,35.49086,139.43685
大和柳橋郵便局,35.45745,139.46479
大和桜ヶ丘郵便局,35.45042,139.46747
大和福田郵便局,35.43862,139.45879
大和郵便局,35.47923,139.45984
大塚本町郵便局,35.46723,139.42144
大沢郵便局,35.57844,139.33420
宮前郵便局,35.57553,139.57715
小鮎郵便局,35.46420,139.32140
尻手駅前郵便局,35.53070,139.68186
川崎ソリッドスクエア内郵便局,35.53542,139.69981
川崎ブレーメン通郵便局,35.56518,139.65226
川崎三田郵便局,35.61110,139.54393
川崎上丸子郵便局,35.58019,139.66470
川崎上作延郵便局,35.59952,139.59427
川崎上平間郵便局,35.56489,139.67245
川崎上新城郵便局,35.58928,139.63041
川崎下作延郵便局,35.59897,139.60865
川崎下沼部郵便局,35.57328,139.66845
川崎中央郵便局,35.53023,139.70553
川崎中有馬郵便局,35.57136,139.58055
川崎中野島北郵便局,35.63049,139.55262
川崎中野島郵便局,35.62580,139.54687
川崎久末郵便局,35.56548,139.61516
川崎京町郵便局,35.51976,139.69400
川崎北加瀬郵便局,35.55431,139.66084
川崎北見方郵便局,35.60033,139.63014
川崎北部市場内郵便局,35.59004,139.54900
川崎千代ヶ丘郵便局,35.61801,139.50704
川崎千年郵便局,35.58375,139.61965
川崎南加瀬郵便局,35.54264,139.66181
川崎南河原郵便局,35.53298,139.68945
川崎南町郵便局,35.52673,139.69997
川崎古市場郵便局,35.55214,139.68075
川崎向ヶ丘郵便局,35.59934,139.57459
川崎四谷上町郵便局,35.52548,139.73244
川崎土橋郵便局,35.58602,139.57751
川崎堰郵便局,35.61305,139.59440
川崎塚越郵便局,35.54506,139.68053
川崎大島郵便局,35.52232,139.71118
川崎大師海岸郵便局,35.53703,139.74061
川崎大師郵便局,35.53480,139.73117
川崎子母口郵便局,35.57399,139.63102
川崎宮内郵便局,35.58980,139.63986
川崎宮前平郵便局,35.58741,139.58495
川崎宿河原郵便局,35.61502,139.57895
川崎小倉郵便局,35.54003,139.66631
川崎小向西町郵便局,35.54745,139.68889
川崎小杉郵便局,35.58194,139.65173
川崎小田郵便局,35.51317,139.70250
川崎市役所通郵便局,35.53129,139.70119
川崎新丸子郵便局,35.57982,139.66091
川崎新城郵便局,35.58710,139.62950
川崎日進町ビル内郵便局,35.52648,139.69409
川崎旭町郵便局,35.53151,139.71758
川崎昭和郵便局,35.53134,139.73753
川崎有馬郵便局,35.57200,139.59534
川崎本町郵便局,35.53342,139.70439
川崎東大島郵便局,35.52365,139.71802
川崎東柿生郵便局,35.57907,139.51233
川崎栗平郵便局,35.60694,139.48080
川崎梶ヶ谷郵便局,35.58564,139.60554
川崎河原町郵便局,35.53884,139.69195
川崎浅田郵便局,35.50701,139.70056
川崎渡田向町郵便局,35.52050,139.70348
川崎渡田郵便局,35.51392,139.71475
川崎溝ノ口郵便局,35.60434,139.61324
川崎生田南郵便局,35.59941,139.52210
川崎田尻郵便局,35.56014,139.67295
川崎白山郵便局,35.59144,139.51102
川崎砂子郵便局,35.52903,139.69947
川崎苅宿郵便局,35.56222,139.66403
川崎藤崎郵便局,35.52989,139.72239
川崎諏訪郵便局,35.60619,139.62309
川崎野川郵便局,35.57325,139.61453
川崎長沢郵便局,35.60059,139.53945
川崎馬絹郵便局,35.58389,139.59737
川崎鹿島田郵便局,35.55195,139.67367
市ヶ尾駅前郵便局,35.55156,139.54321
座間ひばりが丘郵便局,35.48506,139.43210
座間中宿郵便局,35.48931,139.39086
座間立野台郵便局,35.48104,139.41100
座間緑ヶ丘郵便局,35.49101,139.40828
座間駅前郵便局,35.47862,139.40253
愛川田代郵便局,35.52714,139.28926
愛川郵便局,35.52714,139.32714
新横浜三郵便局,35.51254,139.61870
新横浜駅前郵便局,35.50943,139.61584
新田郵便局,35.53287,139.61131
,35.60197,139.50727
日吉駅内郵便局,35.55409,139.64712
横浜中央郵便局,35.46457,139.62268
春日台簡易郵便局,35.52396,139.33282
東神奈川駅前郵便局,35.47606,139.63459
横浜あざみ野郵便局,35.56819,139.54939
横浜しらとり台郵便局,35.53552,139.51711
横浜すみれが丘郵便局,35.56560,139.58105
横浜ガーデン山郵便局,35.48112,139.61334
横浜センター北駅前郵便局,35.55323,139.57784
横浜ビジネスパーク内郵便局,35.45403,139.59687
横浜ポートサイド内郵便局,35.46846,139.62962
横浜ランドマークタワー郵便局,35.45561,139.63126
横浜万騎が原郵便局,35.45810,139.53320
横浜三ッ境郵便局,35.46738,139.50278
横浜三ッ沢郵便局,35.47636,139.60896
横浜上星川郵便局,35.47030,139.57734
横浜上末吉郵便局,35.53048,139.66712
横浜上白根郵便局,35.49853,139.53092
横浜上菅田郵便局,35.48768,139.56743
横浜下田郵便局,35.55817,139.62750
横浜中央市場内郵便局,35.46724,139.63623
横浜中央郵便局,35.46457,139.62268
横浜中尾郵便局,35.46773,139.51600
横浜中山郵便局,35.51611,139.53560
横浜中郵便局,35.44028,139.62882
横浜久保町郵便局,35.44957,139.61084
横浜二俣川郵便局,35.46271,139.53110
横浜今井郵便局,35.44447,139.56459
横浜今宿南郵便局,35.47589,139.52047
横浜今宿郵便局,35.48228,139.53232
横浜仲通郵便局,35.50168,139.68736
横浜佃野郵便局,35.51454,139.67292
横浜住吉町郵便局,35.44527,139.63904
横浜保土ヶ谷三郵便局,35.44627,139.58074
横浜元宮郵便局,35.52231,139.68281
横浜入江郵便局,35.48793,139.64987
横浜六角橋北郵便局,35.49424,139.61765
横浜六角橋郵便局,35.48808,139.62668
横浜勝田郵便局,35.54209,139.59112
横浜北寺尾三郵便局,35.51737,139.66176
横浜北寺尾郵便局,35.51240,139.64287
横浜北山田郵便局,35.55963,139.59137
横浜北幸郵便局,35.46576,139.61518
横浜千丸台郵便局,35.49126,139.55260
横浜南太田郵便局,35.43866,139.61569
横浜南希望が丘郵便局,35.45462,139.51474
横浜南日吉郵便局,35.54803,139.63567
横浜南瀬谷一郵便局,35.45116,139.48646
横浜南綱島郵便局,35.54039,139.64190
横浜卸本町簡易郵便局,35.49864,139.48675
横浜反町郵便局,35.47618,139.62276
横浜吉野町郵便局,35.43617,139.62074
横浜和田郵便局,35.46562,139.58707
横浜大倉山郵便局,35.52091,139.63124
横浜大口郵便局,35.49375,139.64548
横浜大場郵便局,35.56903,139.53476
横浜大東郵便局,35.50265,139.69717
横浜大棚郵便局,35.54964,139.59324
横浜太尾南郵便局,35.51909,139.62343
横浜太田町郵便局,35.44660,139.63962
横浜奈良郵便局,35.56247,139.47585
横浜小机町郵便局,35.50836,139.59528
横浜小野郵便局,35.49672,139.68222
横浜小高郵便局,35.46093,139.54972
横浜山内郵便局,35.56041,139.56017
横浜岩井郵便局,35.44375,139.60069
横浜岩間郵便局,35.45262,139.60233
横浜岸谷郵便局,35.49698,139.66642
横浜川和町郵便局,35.52464,139.55127
横浜左近山郵便局,35.45516,139.55567
横浜市ヶ尾郵便局,35.55596,139.53745
横浜市役所内郵便局,35.44424,139.63780
横浜市沢郵便局,35.46299,139.56046
横浜師岡郵便局,35.52306,139.63911
横浜帷子郵便局,35.44665,139.59726
横浜常盤台郵便局,35.47142,139.58514
横浜戸部本町郵便局,35.45610,139.62051
横浜戸部郵便局,35.45093,139.62440
横浜新吉田郵便局,35.53892,139.62224
横浜新子安郵便局,35.48848,139.65473
横浜日之出町郵便局,35.44567,139.62814
横浜日吉七郵便局,35.54432,139.65159
横浜日向山郵便局,35.44306,139.48574
横浜旭郵便局,35.46801,139.53738
横浜星川郵便局,35.45794,139.59362
横浜本町郵便局,35.44839,139.63858
横浜本郷原郵便局,35.47907,139.47566
横浜東寺尾郵便局,35.51017,139.66398
横浜東山田郵便局,35.55462,139.60967
横浜東本郷郵便局,35.50627,139.57642
横浜柿の木台郵便局,35.55033,139.52531
横浜栄町通郵便局,35.51223,139.69011
横浜桜ヶ丘郵便局,35.45074,139.59176
横浜桜並木郵便局,35.53584,139.57840
横浜桜台郵便局,35.55183,139.51380
横浜樽町郵便局,35.52761,139.63313
横浜永田郵便局,35.43787,139.59717
横浜池辺郵便局,35.51940,139.57235
横浜沢渡郵便局,35.47240,139.61932
横浜洪福寺郵便局,35.45749,139.60718
横浜浅間町郵便局,35.46442,139.61151
横浜浦舟郵便局,35.43504,139.62732
横浜港郵便局,35.44689,139.64325
横浜潮見橋通郵便局,35.50154,139.68356
横浜瀬谷北郵便局,35.47221,139.48502
横浜瀬谷南郵便局,35.46381,139.48821
横浜片倉郵便局,35.48690,139.60446
横浜狩場郵便局,35.43966,139.58483
横浜生麦郵便局,35.49586,139.67013
横浜白山郵便局,35.50772,139.55322
横浜白根北郵便局,35.49454,139.54465
横浜白根郵便局,35.48765,139.54294
横浜矢向郵便局,35.53784,139.67881
横浜神大寺郵便局,35.48701,139.61593
横浜竹山郵便局,35.49654,139.56204
横浜第２合同庁舎内郵便局,35.45065,139.63762
横浜篠原郵便局,35.50409,139.61798
横浜美しが丘四郵便局,35.57925,139.55306
横浜美しが丘西郵便局,35.58749,139.53708
横浜羽沢郵便局,35.49159,139.58738
横浜若葉台郵便局,35.50623,139.49894
横浜荏田東郵便局,35.54801,139.56161
横浜菅田郵便局,35.49786,139.57401
横浜藤が丘郵便局,35.54037,139.52549
横浜藤棚郵便局,35.45265,139.61651
横浜西寺尾郵便局,35.49795,139.64659
横浜西神奈川郵便局,35.47929,139.63129
横浜西谷郵便局,35.47568,139.57038
横浜豊岡郵便局,35.51176,139.67473
横浜赤門郵便局,35.44258,139.62269
神奈川郵便局,35.47862,139.64162
横浜都岡郵便局,35.48684,139.52145
横浜金が谷郵便局,35.47456,139.51088
横浜長者町郵便局,35.43865,139.63637
横浜阿久和郵便局,35.45372,139.49742
横浜霞ヶ丘郵便局,35.44396,139.61654
横浜霧が丘郵便局,35.51389,139.50583
横浜青葉台二郵便局,35.54585,139.51250
横浜馬場郵便局,35.50704,139.65065
横浜駒岡郵便局,35.52573,139.65194
横浜高田郵便局,35.54851,139.62275
横浜鳥山北郵便局,35.50462,139.60467
横浜鳥山郵便局,35.49980,139.59836
横浜鴨志田郵便局,35.56275,139.50437
横浜鶴ヶ峰郵便局,35.47267,139.55041
横浜鶴屋町郵便局,35.46812,139.62243
橋本本町郵便局,35.60013,139.34231
橋本郵便局,35.59756,139.33595
武蔵小杉タワープレイス内郵便局,35.57780,139.65777
江田駅北口郵便局,35.56206,139.55019
津久井根小屋郵便局,35.57438,139.27277
津久井郵便局,35.58371,139.25857
海老名中新田郵便局,35.43830,139.38428
海老名大谷郵便局,35.43903,139.40053
海老名郵便局,35.44915,139.39490
淵野辺郵便局,35.57123,139.39746
淵野辺駅前郵便局,35.56668,139.39561
溝ノ口ノクティビル内郵便局,35.59905,139.61192
溝ノ口中央通郵便局,35.60008,139.61467
煤ヶ谷郵便局,35.47574,139.28372
生田駅前郵便局,35.61579,139.54262
田名郵便局,35.55002,139.33695
田奈駅前郵便局,35.53667,139.50518
番田駅前郵便局,35.54404,139.36368
登戸郵便局,35.61864,139.55982
相模原上鶴間郵便局,35.52376,139.44399
相模原下九沢郵便局,35.57505,139.34838
相模原光が丘郵便局,35.55280,139.38061
相模原北里郵便局,35.53730,139.39605
相模原千代田郵便局,35.56063,139.37447
相模原南台郵便局,35.52094,139.42402
相模原双葉郵便局,35.52450,139.41141
相模原古淵郵便局,35.55444,139.42072
相模原四郵便局,35.57877,139.37383
相模原大島郵便局,35.58608,139.31678
相模原大野台郵便局,35.55850,139.40240
相模原弥栄郵便局,35.56185,139.38758
相模原新磯野郵便局,35.50569,139.40548
相模原東林間郵便局,35.51994,139.43747
相模原松が枝郵便局,35.51625,139.42477
相模原横山郵便局,35.56805,139.36111
相模原清新郵便局,35.58074,139.35514
相模原相南郵便局,35.51142,139.43119
相模原相原郵便局,35.59866,139.32214
相模原相武台団地郵便局,35.50914,139.41022
相模原相武台郵便局,35.50004,139.40515
相模原矢部郵便局,35.57232,139.38505
相模原磯部郵便局,35.50595,139.38444
相模原若松郵便局,35.53750,139.42016
相模原谷口郵便局,35.53570,139.44665
相模原郵便局,35.57124,139.37500
相模原金属団地内郵便局,35.58741,139.33642
相模原駅前郵便局,35.58055,139.36902
相模原鵜野森郵便局,35.54694,139.43191
相模台郵便局,35.51728,139.41705
相模大塚駅前郵便局,35.47116,139.43933
相模大野五郵便局,35.53055,139.42722
相模大野郵便局,35.53066,139.43381
相模大野駅前郵便局,35.53220,139.43938
石川町駅前郵便局,35.43804,139.64381
神奈川中小企業センター内郵便局,35.44713,139.63362
神奈川宮前郵便局,35.47062,139.62884
神奈川白幡郵便局,35.48536,139.63751
神奈川菊名郵便局,35.50986,139.63177
綱島本通郵便局,35.53798,139.63059
綱島郵便局,35.54300,139.63138
綾瀬中郵便局,35.43542,139.43719
綾瀬寺尾郵便局,35.45523,139.41772
綾瀬郵便局,35.44710,139.41592
緑園都市駅前郵便局,35.43937,139.52360
緑郵便局,35.51270,139.54113
都筑郵便局,35.54561,139.57152
長津田郵便局,35.52995,139.49695
長津田駅北口郵便局,35.53292,139.49564
青葉台駅前郵便局,35.54228,139.51456
高峰郵便局,35.53403,139.31203
高津郵便局,35.59189,139.60540
鴨居駅前郵便局,35.51002,139.56801
鶴ヶ峯駅前郵便局,35.47510,139.54611
鶴見下末吉町郵便局,35.52085,139.67210
鶴見市場郵便局,35.51765,139.68742
鶴見駅前郵便局,35.50940,139.67766
鶴間駅前郵便局,35.48816,139.44817
麻溝郵便局,35.52794,139.37256
国立駅前郵便局,35.69668,139.44630
横浜瀬谷西郵便局,35.45579,139.47624
十日市場郵便局,35.52258,139.51560
渋谷中央街郵便局,35.65739,139.69906
横浜細谷戸郵便局,35.48034,139.48861
成城学園前郵便局,35.64094,139.59801
府中紅葉丘郵便局,35.67710,139.51509
,35.89011,140.07694
,35.88979,140.06567
川崎菅星ヶ丘郵便局,35.62439,139.53084
千葉曽鵜の森郵便局,35.57436,140.13971
,35.64624,139.71054
神代郵便局,35.65947,139.57506
,35.70197,139.41495
秋葉原UDX内郵便局,35.69980,139.77238
板橋西郵便局,35.78618,139.65866
幕張郵便局,35.65646,140.05446
,35.66459,139.63008
浦和大久保郵便局,35.86468,139.60516
目黒自由が丘郵便局,35.60801,139.66713
横浜駅西口郵便局,35.46543,139.61986
戸田本町郵便局,35.81190,139.68233
茎崎みなみ郵便局,35.97623,140.09710
新宿センタービル内郵便局,35.69140,139.69577
八王子北野郵便局,35.64448,139.35496
,35.59756,139.66666
新御茶ノ水駅前郵便局,35.69630,139.76461
新松戸郵便局,35.82728,139.91583
中川駅前郵便局,35.56289,139.57034
北本二ッ家郵便局,36.01852,139.54724
国立駅北口郵便局,35.70061,139.44688
柏の葉キャンパス郵便局,35.89406,139.95255
所沢日吉郵便局,35.78800,139.47125
守谷郵便局,35.94264,139.99950
,35.76730,139.34962
稲田堤郵便局,35.63270,139.53549
台東三郵便局,35.70426,139.77671
,35.72445,139.63804
江東豊洲郵便局,35.65734,139.79587
町田木曽郵便局,35.56354,139.42612
流山おおたかの森郵便局,35.86999,139.92436
みなとみらい四郵便局,35.46029,139.62715
谷田部郵便局,36.03271,140.07673
船橋二宮郵便局,35.70818,140.02559
調布くすのき郵便局,35.64778,139.56227
森の里簡易郵便局,35.98761,140.11097
高崎郵便局,36.00031,140.12450
日吉郵便局,35.55393,139.64520
中野五郵便局,35.70976,139.66666
海老名駅西口郵便局,35.45473,139.38814
常盤平郵便局,35.79899,139.95243
西神田郵便局,35.69952,139.75711
南大和郵便局,35.46887,139.46478
北坂戸団地内郵便局,35.97313,139.39511
船橋浜町郵便局,35.68936,139.98965
西新宿七郵便局,35.69569,139.69855
飯田橋駅東口郵便局,35.70311,139.74337
三鷹新川五郵便局,35.67634,139.57119
町田鶴川四郵便局,35.59678,139.46203
東京中央郵便局,35.68014,139.76465
,35.69536,139.75244
リバーシティ２１郵便局,35.66813,139.78580
浦和美園駅前郵便局,35.89586,139.72741
習志野郵便局,35.68675,140.01997
千葉検見川郵便局,35.65029,140.06815
向島四郵便局,35.71436,139.81206
白岡郵便局,36.01576,139.66951
滑川羽尾郵便局,36.04446,139.38392
雷門郵便局,35.70956,139.79715
都筑ふれあいの丘郵便局,35.53709,139.56062
神田北神保町郵便局,35.69612,139.75725
町田鶴川一郵便局,35.58914,139.47915
Daikoko port,35.45488,139.68536
練馬春日郵便局,35.75149,139.63775
練馬高松三郵便局,35.75119,139.62765
熊野前郵便局,35.74941,139.76937
川崎駅西口郵便局,35.53197,139.69597
,35.80848,139.71956
川口戸塚郵便局,35.87224,139.75034
練馬東大泉郵便局,35.74723,139.57936
東久留米団地内郵便局,35.77092,139.54355
,35.87894,139.81560
イオンモール座間内郵便局,35.50079,139.42469
ups pick up location,35.68645,139.76888
Tokyo central post office,35.67935,139.76411
鉄鋼ビル郵便局,35.68346,139.77046
桜並木郵便局,36.06326,140.14245
,35.78049,139.95826
,35.78041,139.96491
巣鴨駅前郵便局,35.73469,139.73756
,36.00727,140.15941
千葉おゆみ野郵便局,35.55488,140.16285
厚木妻田郵便局,35.45979,139.35833
大宮JPビル郵便局,35.90387,139.61980
川越脇田郵便局,35.90906,139.48558
浦和太田窪二郵便局,35.86163,139.66689
西新橋郵便局,35.66934,139.75330
本牛久郵便局,35.96449,140.13673
松戸河原塚郵便局,35.77806,139.93657
イオンタウン吉川美南内郵便局,35.86689,139.85776
豊島区役所前郵便局,35.72680,139.71603
郵便局,35.70528,139.73105
江東住吉郵便局,35.68876,139.81453
江東東雲郵便局,35.64518,139.79970
上野三郵便局,35.70719,139.77369
利根郵便局,35.85294,140.14732
牛久本町郵便局,35.97875,140.14251
市川南八幡郵便局,35.71964,139.92596
